id#,msq,jdiw,jdis,jdic,jdipro,psq,under,influ,accur,imp1,imp2,imp3,imp4,imp5,altemp,educ,div,perf,turn,promo,merit,tenure,eeo,sex,age,salary,agree,extra,open,conscin,neuro,JComp,OCB,Cyberloafing,Incivility
1,65,7.00,21,7,4,54,3,3,3,3,2,2,3,4,2,4,1,3.00,1,0,4900,41,5,1,28,78854,1.00,1.00,1.00,3.00,3.00,2.00,5.00,2.00,3.00
2,61,43.00,18,40,1,46,4,3,1,2,3,2,1,4,4,1,1,3.75,0,0,6000,93,5,2,40,59736,2.00,4.00,2.00,3.75,2.00,1.00,1.00,3.00,3.00
3,65,42.00,6,51,0,50,2,4,2,2,3,2,3,4,4,2,1,3.75,0,1,6300,89,5,2,54,24455,1.00,5.00,1.00,3.00,1.00,2.00,1.00,2.00,3.00
4,66,33.00,9,13,10,61,2,2,3,2,2,4,3,2,3,2,1,3.75,0,1,5500,208,5,2,39,35480,2.00,1.30,2.00,2.00,4.00,2.00,1.00,2.00,3.00
5,36,4.00,15,3,0,37,1,1,1,1,4,1,4,4,4,5,1,2.00,1,1,3100,77,1,2,44,53899,1.00,1.00,3.00,5.00,4.00,3.00,2.00,5.00,3.00
6,74,48.00,15,51,0,72,5,5,2,2,2,4,4,4,4,5,1,4.00,0,0,4100,160,1,1,53,65832,4.00,5.00,3.00,2.00,2.00,2.00,4.00,2.00,1.00
7,80,37.00,49,54,5,58,5,5,2,2,2,2,4,2,4,2,1,3.75,0,0,4200,84,5,2,42,77898,5.00,5.00,2.00,3.00,5.00,4.00,2.00,3.00,2.00
8,76,39.00,51,49,1,69,4,2,4,4,4,2,4,2,3,5,1,4.00,0,0,4300,166,4,1,43,84672,4.00,4.90,5.00,2.00,2.00,2.00,4.00,3.00,1.00
9,79,41.00,48,40,7,69,4,3,3,3,4,4,4,3,3,1,1,4.75,0,1,6500,144,5,2,41,56815,4.00,4.00,4.00,1.00,2.00,1.00,5.00,3.00,2.00
10,74,47.00,47,47,3,79,5,4,2,2,4,4,3,3,3,2,1,4.00,1,0,5400,308,5,2,64,75960,5.00,3.00,2.00,4.00,2.00,2.00,4.00,2.00,1.00
11,58,22.00,12,54,6,41,2,2,2,4,4,2,4,3,3,4,1,3.50,0,1,5800,111,2,2,27,69228,1.00,2.00,1.00,3.00,5.00,1.00,3.00,4.00,3.00
12,77,48.00,36,52,6,49,3,3,2,2,2,3,3,4,4,5,1,3.00,1,0,2900,27,5,1,48,33041,4.00,1.00,2.00,2.00,3.00,2.00,3.00,3.00,3.00
13,73,47.00,32,36,6,49,1,2,2,2,2,2,2,2,4,4,1,3.75,0,1,4700,74,5,2,50,98995,3.00,5.00,5.00,1.00,5.00,2.00,2.00,2.00,1.00
14,79,41.00,48,54,1,55,3,3,3,2,4,4,4,3,3,4,1,4.00,0,0,5500,352,5,2,55,22474,5.00,2.00,4.00,5.00,2.00,2.00,4.00,3.00,2.00
15,75,28.00,52,51,0,47,3,2,2,3,4,2,4,4,3,2,1,3.33,0,0,2500,292,1,1,49,96437,3.00,3.00,2.00,4.00,1.00,2.00,2.00,2.00,1.00
16,81,39.00,12,48,0,40,1,4,1,3,3,3,4,4,5,5,1,3.50,0,0,3400,154,2,1,49,72230,4.00,2.00,3.00,2.00,2.00,4.00,3.00,3.00,2.00
17,72,43.00,52,48,15,66,2,3,3,2,3,4,5,5,3,2,1,3.67,0,1,4800,41,5,2,34,55692,2.00,1.00,2.00,3.00,3.00,2.00,3.00,2.00,3.00
18,58,39.00,7,49,6,62,3,5,2,3,3,2,1,2,3,2,1,3.25,1,0,3800,314,5,1,59,34920,1.00,4.00,5.00,2.00,2.00,1.00,3.00,4.00,3.00
19,75,47.00,54,50,5,59,3,3,3,3,2,3,5,5,2,2,1,3.00,0,0,2900,350,5,1,59,89678,3.00,5.00,4.00,1.00,3.00,2.00,4.00,2.00,1.00
20,70,15.00,30,47,0,62,4,4,2,3,2,3,3,3,2,4,1,3.25,0,0,3100,153,5,1,50,60541,3.00,3.00,5.00,3.00,5.00,2.00,4.00,3.00,3.00
21,53,40.00,20,30,0,21,1,3,1,1,1,1,1,1,4,4,1,4.00,0,1,6200,228,1,2,40,55325,1.00,2.00,2.00,2.00,2.00,1.00,4.00,5.00,3.00
22,72,43.00,15,49,6,58,1,1,5,1,4,2,4,4,4,6,1,3.75,0,0,3300,157,5,1,59,21216,4.00,5.00,3.00,1.00,1.00,2.00,2.00,2.00,3.00
23,65,20.00,39,29,1,53,4,1,2,2,2,2,5,5,1,2,1,3.25,0,0,2600,137,5,1,45,118502,2.00,2.00,2.00,5.00,2.00,2.00,2.00,2.00,3.00
24,62,18.00,32,43,2,54,3,4,2,2,3,3,3,3,3,5,1,3.75,0,0,4100,288,5,1,47,48773,1.00,5.00,1.00,4.00,3.00,2.00,1.00,3.00,3.00
25,52,16.00,15,27,6,57,2,3,2,3,1,3,4,3,4,1,1,5.00,0,0,4800,181,4,2,45,67918,3.00,1.00,2.00,2.00,1.00,1.00,5.00,5.00,3.00
26,71,45.00,31,48,18,45,3,2,4,2,4,4,4,4,4,2,3,3.75,1,1,4900,99,1,1,30,99600,4.00,3.00,5.00,3.00,2.00,2.00,2.00,2.00,3.00
27,77,42.00,46,45,1,56,2,1,3,3,3,4,4,3,4,4,1,4.00,0,0,4100,141,5,1,58,84001,4.00,2.00,4.00,2.00,2.00,2.00,4.00,3.00,2.00
28,45,12.00,36,39,6,48,3,2,4,2,2,2,3,3,2,2,5,2.99,0,0,3100,70,1,2,40,82152,2.00,5.00,2.00,1.00,4.00,3.00,3.00,5.00,3.00
29,52,16.00,39,54,6,59,2,3,3,3,5,5,5,5,5,4,5,3.00,0,0,3800,198,1,2,44,59064,1.00,4.00,3.00,3.00,3.00,1.00,1.00,5.00,3.00
30,76,44.00,52,54,13,57,2,2,2,3,4,4,4,4,3,4,5,4.00,0,0,4500,4,1,1,39,72180,3.00,3.00,2.00,4.00,2.00,2.00,4.00,3.00,1.00
31,60,18.00,26,40,2,46,3,1,2,2,4,1,2,2,4,4,5,3.50,0,1,2700,243,5,1,43,70434,2.00,2.00,1.00,3.50,2.00,1.00,3.00,3.00,3.00
32,71,47.00,41,43,2,45,5,2,3,2,4,3,3,3,4,4,5,4.00,0,0,2600,317,5,1,52,105091,4.00,1.00,2.00,4.00,2.00,2.00,4.00,2.00,3.00
33,66,39.00,3,28,4,31,2,1,1,3,3,2,2,3,4,5,5,3.50,0,0,2900,22,5,1,33,96006,2.00,2.80,5.00,3.50,3.00,2.00,3.00,1.00,3.00
34,74,38.00,30,42,6,57,3,4,4,4,3,4,3,3,3,5,5,3.75,0,0,3800,155,5,1,41,73267,3.00,4.20,4.00,3.75,3.00,2.00,2.00,2.00,1.00
35,77,45.00,43,46,22,66,4,3,3,4,2,3,4,4,5,4,5,2.99,0,0,4500,14,5,2,37,67154,4.00,4.60,3.00,2.99,2.00,2.00,3.00,3.00,3.00
36,71,35.00,29,16,3,46,2,2,2,3,4,3,4,3,3,1,5,4.00,0,1,4300,48,5,2,52,87983,3.00,1.60,2.00,4.00,2.00,2.00,4.00,2.00,3.00
37,66,43.00,54,40,13,45,3,2,1,4,3,4,3,4,4,4,5,3.67,0,1,4000,43,5,2,54,77400,2.00,4.00,1.00,3.67,2.00,2.00,3.00,3.00,3.00
38,75,48.00,50,54,6,62,3,3,3,3,4,4,4,4,1,2,3,3.75,0,0,4700,219,1,2,43,55314,3.00,5.00,2.00,3.75,3.00,2.00,2.00,2.00,1.00
39,94,45.00,51,51,27,73,4,2,2,4,4,4,4,4,5,4,5,4.25,0,1,5000,191,5,1,41,63622,5.00,5.00,5.00,4.25,1.00,4.33,5.00,3.00,4.00
40,87,51.00,54,47,17,49,4,3,4,4,4,3,5,5,3,2,3,3.00,0,0,4600,217,1,1,38,74741,5.00,4.70,4.00,3.00,3.00,5.00,5.00,3.00,4.00
41,77,49.00,43,50,27,58,4,3,3,5,3,5,5,5,4,5,5,3.75,0,1,3700,134,1,1,40,90235,4.00,5.00,2.00,3.75,2.00,2.00,2.00,3.00,2.00
42,46,8.00,16,51,0,56,3,4,2,2,2,2,2,4,2,4,1,2.00,1,1,6200,94,5,1,47,174900,2.00,5.00,1.00,2.00,4.00,3.00,2.00,5.00,3.00
43,76,41.00,42,51,25,64,4,4,3,5,1,4,4,3,3,4,2,4.00,1,0,5900,47,5,2,29,57012,5.00,5.00,3.00,4.00,2.00,2.00,4.00,3.00,1.00
44,75,48.00,51,26,8,62,4,2,1,3,3,3,4,4,5,4,2,2.99,0,0,4500,10,5,2,31,65662,4.00,2.60,3.00,2.99,3.00,2.00,2.00,2.00,1.00
45,57,26.00,4,54,9,57,4,2,2,4,3,3,3,5,4,5,2,3.00,1,0,4900,20,5,2,47,64339,3.00,5.00,2.00,3.00,3.00,1.00,4.00,4.00,3.00
46,75,41.00,45,52,13,48,3,4,2,5,5,5,5,5,4,5,2,2.99,0,0,4500,9,2,1,33,79140,4.00,5.00,1.00,2.99,1.00,2.00,2.00,2.00,1.00
47,87,31.00,43,52,23,60,5,4,2,5,3,4,5,5,5,5,2,4.00,1,0,6700,106,5,1,33,41371,4.00,5.00,2.00,4.00,2.00,1.00,4.00,3.00,4.00
48,72,44.00,18,50,6,60,4,4,3,3,3,3,3,4,3,2,2,5.00,0,0,8500,55,5,2,43,110160,3.00,5.00,2.00,5.00,1.00,2.00,5.00,2.00,3.00
49,76,36.00,37,54,10,54,3,3,4,4,3,3,4,4,4,5,2,3.00,0,0,7400,134,5,2,36,60641,3.00,5.00,1.00,3.00,3.00,2.00,3.00,3.00,2.00
50,66,51.00,12,20,3,51,5,4,2,3,4,2,2,4,5,6,2,4.00,0,0,6700,26,2,1,33,39600,2.00,2.00,4.00,4.00,2.00,2.00,4.00,2.00,3.00
51,78,48.00,49,54,20,69,4,4,3,3,3,4,4,4,3,2,2,4.00,0,0,3700,30,5,1,33,55224,3.00,5.00,4.00,4.00,2.00,2.00,4.00,3.00,3.00
52,70,36.00,19,46,3,36,4,1,2,1,3,1,5,3,4,4,2,3.50,0,0,2700,20,5,1,39,37471,2.00,4.60,5.00,3.50,5.00,2.00,3.00,3.00,3.00
53,66,18.00,28,40,7,64,2,2,3,3,3,3,3,3,4,2,2,3.00,0,0,2800,80,5,1,36,79436,3.00,4.00,2.00,3.00,3.00,2.00,2.00,1.00,3.00
54,72,22.00,51,50,15,54,2,3,3,5,4,3,4,4,4,4,5,4.00,0,0,4500,11,5,1,31,73402,4.00,5.00,1.00,4.00,2.00,2.00,4.00,2.00,3.00
55,55,4.00,45,16,0,55,2,3,3,4,3,4,2,5,4,2,1,2.99,0,0,4000,20,5,2,21,80430,1.00,1.60,3.00,2.99,5.00,1.00,4.00,5.00,3.00
56,73,45.00,42,37,1,54,4,4,3,3,3,4,4,4,4,2,1,4.50,0,1,3900,155,1,1,50,46800,3.00,3.70,5.00,4.50,3.00,2.00,5.00,2.00,1.00
57,64,36.00,45,35,1,47,1,1,1,1,4,4,3,3,3,2,1,3.75,0,0,4600,105,1,1,30,31044,2.00,3.50,2.00,3.75,2.00,2.00,1.00,3.00,3.00
58,78,44.00,29,46,11,69,4,3,4,4,4,4,4,4,4,4,1,3.00,0,0,2600,182,5,1,43,53414,4.00,4.60,3.00,3.00,3.00,3.75,5.00,3.00,2.00
59,65,39.00,45,41,14,54,2,3,3,4,3,3,4,4,4,2,1,4.00,0,1,1000,75,5,1,29,64666,3.00,4.10,3.00,4.00,2.00,2.00,4.00,2.00,3.00
60,50,13.00,6,12,6,67,3,3,2,4,4,4,3,4,4,4,1,3.00,0,0,4500,2,5,1,28,72758,1.00,1.20,2.00,3.00,3.00,3.00,4.00,5.00,3.00
61,82,51.00,54,47,2,65,2,3,2,4,3,3,5,3,2,2,1,3.33,0,0,3200,32,5,1,47,62664,5.00,4.70,1.00,3.33,2.00,2.00,3.00,3.00,2.00
62,24,3.00,0,0,0,37,1,2,1,1,1,1,1,1,3,2,1,1.00,1,0,4300,66,5,1,39,62429,1.00,1.00,5.00,1.00,5.00,3.00,5.00,5.00,3.00
63,73,22.00,22,22,8,38,1,1,3,3,3,3,4,4,5,4,1,2.99,0,0,5200,11,5,1,38,33914,3.00,2.20,4.00,2.99,1.00,2.00,5.00,2.00,1.00
64,73,21.00,49,51,3,52,3,2,2,1,1,1,3,5,4,2,1,4.99,0,0,4900,21,5,1,33,24960,3.00,5.00,5.00,4.99,2.00,2.00,5.00,2.00,3.00
65,61,18.00,45,45,1,48,3,1,3,1,1,1,3,4,5,2,1,3.00,1,0,4300,121,5,1,41,61397,2.00,4.50,2.00,3.00,3.00,1.00,4.00,3.00,3.00
66,70,35.00,34,22,9,50,1,4,3,4,3,3,4,3,4,1,1,4.00,0,0,3600,8,5,1,28,32731,3.00,2.20,1.00,4.00,2.00,2.00,4.00,1.00,3.00
67,65,33.00,23,22,13,50,3,1,1,2,2,2,2,2,5,2,1,3.00,1,0,4500,3,5,2,27,65568,2.00,3.00,2.00,3.00,3.00,2.00,4.00,2.00,3.00
68,56,21.00,12,28,6,52,3,3,3,3,3,4,2,2,4,2,1,2.00,1,0,4500,3,5,1,43,88746,2.00,2.00,5.00,2.00,4.00,1.00,2.00,4.00,3.00
69,60,34.00,51,29,12,53,2,5,2,3,4,3,3,2,3,2,1,4.00,0,1,4300,33,1,2,33,37877,1.00,5.00,3.00,4.00,2.00,1.00,4.00,3.00,3.00
70,51,32.00,13,13,2,58,2,2,2,2,2,2,2,3,5,2,1,3.75,0,0,4200,106,5,1,33,36005,2.00,3.00,5.00,3.75,3.00,5.00,3.00,5.00,3.00
71,72,36.00,24,27,4,57,3,4,3,4,5,3,4,4,3,6,2,3.00,1,0,0,95,5,1,42,27674,3.00,2.00,5.00,3.00,3.00,2.00,4.00,2.00,3.00
72,94,48.00,45,54,27,58,3,3,3,4,4,4,4,4,4,4,2,5.00,0,0,3700,28,5,1,40,61949,5.00,5.00,2.00,2.00,1.00,2.00,5.00,3.00,4.00
73,81,47.00,35,44,0,42,5,5,2,2,2,4,4,4,3,4,3,3.75,0,0,4000,237,5,1,46,63000,4.00,4.00,3.00,1.00,4.00,1.00,2.00,3.00,2.00
74,50,12.00,10,7,3,56,4,2,1,3,4,3,4,4,5,4,2,2.00,1,0,700,92,4,1,35,62870,2.00,3.00,1.00,5.00,4.00,3.00,3.00,5.00,3.00
75,70,38.00,5,28,2,58,3,1,1,2,3,2,4,1,4,4,1,4.75,0,0,4500,182,5,1,46,85219,3.00,1.00,2.00,4.00,2.00,2.00,5.00,1.00,3.00
76,69,42.00,45,54,3,62,3,3,3,4,4,4,4,4,4,4,1,3.00,1,0,2300,80,5,1,49,103056,2.00,5.00,5.00,2.00,3.00,2.00,4.00,1.00,3.00
77,66,41.00,30,31,4,43,2,1,1,1,1,1,1,3,4,2,1,3.99,0,0,5600,23,1,1,36,90763,2.00,3.00,4.00,3.00,5.00,2.00,3.00,2.00,3.00
78,75,36.00,38,44,6,48,4,2,1,2,4,2,4,4,4,5,1,4.00,0,1,5500,94,5,1,34,115906,3.00,5.00,4.00,1.00,2.00,2.00,4.00,2.00,1.00
79,72,33.00,18,54,13,51,4,5,4,5,5,1,1,1,4,2,5,3.99,1,0,5100,21,5,1,26,106920,4.00,2.00,5.00,2.00,2.00,2.00,4.00,2.00,3.00
80,62,21.00,54,48,3,52,2,2,1,1,1,1,4,3,4,4,5,3.50,1,0,4000,22,5,1,40,58722,2.00,3.00,5.00,5.00,2.00,2.00,3.00,3.00,3.00
81,71,46.00,30,48,3,55,3,2,2,3,4,3,4,3,4,4,5,3.00,0,0,6400,100,5,2,48,78000,3.00,5.00,2.00,2.00,3.00,2.00,5.00,2.00,3.00
82,77,51.00,50,54,27,69,4,3,2,4,4,4,4,4,4,4,5,4.00,0,0,4800,24,5,1,33,55805,4.00,4.00,3.00,3.00,2.00,2.00,4.00,3.00,2.00
83,66,21.00,45,42,3,51,2,3,1,4,2,4,4,3,4,5,5,3.50,1,0,4900,24,5,2,38,32276,2.00,2.00,2.00,2.00,5.00,2.00,3.00,3.00,3.00
84,78,51.00,51,54,24,46,4,2,3,5,3,5,5,5,4,4,5,5.00,0,0,4500,6,5,1,45,71405,4.00,1.00,5.00,5.00,1.00,4.25,5.00,3.00,3.00
85,91,49.00,54,54,12,59,4,4,2,2,2,2,2,2,4,2,3,4.25,0,1,4600,142,5,2,36,105898,5.00,3.00,4.00,4.25,2.00,1.00,5.00,3.00,4.00
86,76,38.00,37,54,15,69,2,2,2,4,5,4,5,4,4,2,5,3.25,0,1,4600,125,1,1,37,46114,4.00,2.00,1.00,3.00,3.00,2.00,2.00,3.00,2.00
87,66,31.00,43,42,27,51,1,1,2,5,3,4,4,4,5,5,5,3.75,0,1,5900,109,5,1,39,50834,2.00,4.20,5.00,2.00,1.00,2.00,1.00,2.00,3.00
88,72,27.00,27,24,4,56,4,2,2,5,5,5,5,5,4,4,5,4.00,0,1,4000,222,5,2,43,51924,4.00,2.40,5.00,5.00,2.00,2.00,4.00,2.00,3.00
89,56,39.00,21,42,3,53,3,3,3,2,3,3,3,3,4,4,5,3.25,0,0,4300,194,5,1,43,34538,2.00,4.20,2.00,2.00,5.00,1.00,4.00,4.00,3.00
90,74,45.00,54,54,15,54,2,2,2,4,4,3,4,4,5,4,5,3.75,0,1,6300,88,1,2,36,96600,4.00,5.00,5.00,1.00,3.00,2.00,2.00,2.00,1.00
91,70,42.00,42,39,3,58,4,2,2,2,2,3,4,4,4,5,5,4.00,0,0,3100,194,5,1,47,69000,3.00,3.90,4.00,3.00,2.00,2.00,4.00,1.00,3.00
92,73,48.00,50,50,17,64,2,3,2,4,3,3,5,5,5,5,5,3.50,0,0,3500,22,5,1,35,57463,3.00,5.00,1.00,2.00,5.00,2.00,3.00,2.00,1.00
93,67,33.00,51,54,0,42,5,2,2,2,3,3,4,4,4,2,5,4.00,0,0,4600,282,5,1,46,35443,2.00,5.00,2.00,1.00,2.00,2.00,4.00,1.00,3.00
94,58,27.00,39,54,2,42,2,1,1,2,3,2,3,4,3,5,2,3.00,0,0,5600,147,5,1,51,147880,1.00,5.00,5.00,5.00,3.00,1.00,3.00,4.00,3.00
95,64,41.00,28,30,1,53,3,2,2,2,4,5,4,3,5,2,3,3.75,0,0,2900,303,5,1,46,34819,2.00,3.00,4.00,4.00,2.00,2.00,1.00,3.00,3.00
96,69,42.00,31,15,25,40,2,4,3,5,4,5,5,5,5,4,5,2.00,0,0,4500,9,2,1,31,54241,2.00,1.50,3.00,2.00,4.00,2.00,4.00,1.00,3.00
97,78,46.00,51,54,18,45,4,3,3,4,4,4,4,4,5,5,1,3.99,0,0,6500,18,5,2,37,58716,4.00,5.00,3.00,3.00,3.00,3.00,4.00,3.00,3.00
98,66,23.00,22,35,7,46,2,2,2,1,1,1,5,5,4,4,5,4.50,0,0,2800,42,5,1,36,32164,2.00,3.50,2.00,2.00,2.00,2.00,5.00,2.00,3.00
99,75,46.00,52,51,27,54,3,2,3,2,2,2,3,3,3,2,5,4.25,0,1,4400,149,5,1,33,56318,4.00,5.00,5.00,1.00,1.00,2.00,4.00,2.00,1.00
100,67,34.00,30,45,1,63,3,2,2,3,4,4,4,4,3,5,5,3.75,0,0,3600,237,5,1,46,62987,3.00,4.50,4.00,5.00,2.00,2.00,1.00,1.00,3.00
101,78,45.00,39,39,15,60,4,3,4,3,3,2,4,4,5,4,5,4.00,0,1,6700,73,5,1,28,86234,4.00,3.90,5.00,4.00,2.00,2.00,4.00,3.00,3.00
102,70,46.00,39,43,1,57,4,4,2,5,5,5,5,5,5,5,5,4.25,0,0,2700,259,5,1,50,54000,3.00,4.30,2.00,3.00,3.00,2.00,4.00,1.00,3.00
103,62,25.00,33,48,6,51,4,4,4,3,3,3,3,4,5,2,5,3.75,0,1,5200,50,5,2,26,71596,2.00,4.80,1.00,3.75,2.00,2.00,1.00,3.00,3.00
104,64,45.00,15,46,5,55,1,1,2,3,3,3,3,3,4,4,4,4.00,0,1,6300,61,5,1,37,60000,2.00,4.60,5.00,4.00,2.00,2.00,4.00,3.00,3.00
105,71,46.00,40,52,16,61,3,3,3,3,4,3,4,4,4,4,4,4.00,0,0,4500,3,5,1,29,79706,3.00,5.00,4.00,4.00,2.00,2.00,4.00,2.00,3.00
106,53,15.00,33,33,18,63,4,1,1,2,2,2,3,3,4,4,4,4.25,0,1,8700,110,5,1,31,70080,1.00,3.30,5.00,4.25,5.00,1.00,4.00,5.00,3.00
107,74,33.00,49,51,9,67,3,5,4,4,5,2,5,5,4,2,5,4.25,0,1,6600,86,5,2,33,77761,3.00,5.00,5.00,4.25,3.00,2.00,4.00,2.00,1.00
108,69,37.00,54,50,7,57,3,2,2,3,4,4,5,5,3,6,2,3.99,0,0,4500,12,5,2,42,37135,3.00,5.00,5.00,3.99,2.00,2.00,4.00,1.00,3.00
109,82,45.00,52,40,9,55,4,2,2,2,2,2,4,3,4,2,2,2.99,0,0,3600,27,5,2,34,74306,4.00,4.00,2.00,2.99,5.00,3.00,4.00,3.00,2.00
110,61,22.00,36,54,21,57,4,1,3,4,2,3,4,3,2,4,2,3.50,0,0,5300,130,5,2,45,28712,1.00,5.00,2.00,3.50,3.00,1.00,3.00,3.00,3.00
111,84,36.00,51,43,15,61,4,2,4,2,1,1,5,5,3,2,5,3.25,0,1,3800,47,5,2,22,59544,2.00,4.30,3.00,3.25,1.00,3.00,2.00,3.00,2.00
112,86,48.00,32,51,22,50,1,3,3,4,5,4,3,5,4,4,4,5.00,0,0,4500,6,5,1,63,66000,4.00,5.00,2.00,5.00,1.00,3.75,5.00,3.00,2.00
113,80,51.00,48,52,9,63,5,3,3,4,4,4,5,5,4,4,4,5.00,1,0,4500,2,5,1,37,84000,3.00,5.00,5.00,5.00,1.00,4.00,5.00,3.00,2.00
114,58,35.00,15,46,9,52,2,4,2,2,2,3,3,5,4,6,4,1.00,1,0,4500,12,2,1,43,51564,2.00,4.60,4.00,1.00,5.00,1.00,3.00,4.00,3.00
115,67,19.00,54,52,4,59,4,2,3,4,3,3,4,4,4,5,5,3.00,0,0,3100,33,5,1,36,33072,2.00,5.00,2.00,3.00,3.00,2.00,3.00,1.00,3.00
116,57,24.00,17,52,6,58,4,4,2,2,2,2,1,4,3,4,1,4.00,1,0,4700,146,5,2,38,78000,1.00,5.00,1.00,4.00,2.00,1.00,4.00,4.00,3.00
117,67,41.00,16,52,0,47,3,4,2,4,4,4,3,3,4,6,1,3.50,0,0,3600,361,5,1,50,92016,2.00,5.00,5.00,3.50,3.00,2.00,3.00,1.00,3.00
118,68,45.00,33,36,0,55,4,2,2,4,4,4,4,4,2,4,1,3.50,0,0,3600,139,5,1,61,126000,1.00,3.60,2.00,3.50,2.00,2.00,3.00,1.00,3.00
119,83,48.00,48,46,3,71,3,1,3,4,1,4,4,5,3,4,1,4.00,0,1,5000,227,5,1,42,67200,4.00,4.60,3.00,4.00,2.00,3.00,4.00,3.00,2.00
120,71,30.00,50,52,3,48,4,5,2,3,4,4,4,4,2,5,1,3.50,0,0,2900,156,5,1,53,37396,3.00,5.00,2.00,3.50,5.00,2.00,3.00,2.00,3.00
121,70,51.00,3,54,0,58,1,1,1,1,3,2,1,3,4,2,1,4.25,0,1,4900,224,5,1,39,39530,3.00,5.00,5.00,4.25,5.00,2.00,4.00,1.00,3.00
122,64,46.00,22,25,8,53,2,2,2,3,3,3,4,4,5,2,1,4.25,0,0,4600,72,1,1,41,52826,2.00,3.00,3.00,4.25,3.00,2.00,4.00,3.00,3.00
123,61,41.00,6,50,1,48,2,4,1,2,1,2,4,3,1,4,1,3.25,0,0,4700,263,2,1,57,96319,2.00,2.00,3.00,3.25,2.00,1.00,3.00,3.00,3.00
124,63,18.00,31,30,8,55,2,2,1,4,3,4,5,4,3,2,1,4.00,0,0,5000,201,5,1,40,50014,2.00,5.00,2.00,4.00,2.00,2.00,4.00,3.00,3.00
125,71,15.00,32,47,5,62,3,4,4,4,3,3,4,3,2,2,1,3.00,0,0,4100,131,5,1,44,74856,4.00,3.00,5.00,3.00,3.00,2.00,4.00,2.00,3.00
126,58,31.00,22,54,1,47,3,5,2,2,1,4,3,4,3,2,1,3.50,0,1,4500,75,5,2,36,86117,1.00,2.00,2.00,3.00,5.00,1.00,3.00,4.00,3.00
127,48,32.00,12,3,0,45,2,4,2,2,2,2,2,2,3,4,1,2.75,1,1,3200,187,1,1,46,51240,1.00,5.00,5.00,2.00,1.00,3.00,2.00,5.00,3.00
128,62,36.00,4,52,7,36,1,1,1,1,1,3,2,4,4,2,1,3.75,0,0,5200,129,1,1,39,54270,4.00,1.00,2.00,5.00,3.00,2.00,1.00,3.00,3.00
129,71,38.00,30,31,4,50,3,3,3,3,3,3,3,3,2,2,1,3.25,0,0,3400,144,5,1,37,54605,3.00,5.00,1.00,4.00,2.00,2.00,5.00,2.00,3.00
130,65,39.00,6,54,0,37,3,1,1,1,1,1,1,4,4,4,1,3.00,0,0,3700,39,5,2,38,51480,3.00,4.00,4.00,2.00,3.00,2.00,3.00,2.00,3.00
131,96,48.00,54,52,10,69,3,2,5,5,5,5,5,5,4,1,1,4.00,0,1,5400,92,5,2,55,67579,5.00,3.00,2.00,3.00,2.00,1.00,4.00,3.00,4.00
132,65,43.00,39,36,0,51,2,2,2,2,4,2,4,4,2,4,1,4.00,0,0,2800,79,5,1,50,32071,1.00,2.00,1.00,2.00,2.00,2.00,4.00,2.00,3.00
133,68,48.00,45,54,1,56,2,4,2,3,3,4,4,3,5,4,1,3.75,0,1,4700,149,5,2,35,50562,1.00,5.00,5.00,1.00,3.00,2.00,1.00,1.00,3.00
134,80,37.00,22,54,9,44,1,5,1,1,1,2,4,2,4,2,1,4.25,0,0,4500,140,5,2,57,45151,4.00,3.00,2.00,5.00,5.00,2.00,5.00,3.00,2.00
135,64,41.00,18,46,0,47,4,5,1,2,2,2,2,4,4,5,1,3.00,0,0,2500,97,5,1,53,48148,3.00,5.00,3.00,4.00,3.00,2.00,3.00,3.00,3.00
136,60,42.00,37,48,0,54,3,4,3,3,3,3,4,4,3,4,1,3.00,0,0,2900,87,1,1,44,116252,2.00,4.00,2.00,2.00,3.00,1.00,4.00,3.00,3.00
137,77,43.00,50,40,0,55,3,4,3,2,4,4,3,3,4,2,1,4.00,0,1,5200,75,4,2,50,53206,3.00,2.00,5.00,3.00,2.00,2.00,4.00,3.00,2.00
138,62,22.00,51,54,0,38,2,5,4,4,4,2,3,4,4,4,1,2.00,0,1,3300,301,5,1,51,97543,1.00,3.00,4.00,2.00,4.00,1.00,4.00,3.00,3.00
139,73,48.00,52,52,3,43,4,2,2,3,4,4,4,4,3,5,1,3.50,0,0,3900,263,5,1,48,76404,2.00,5.00,2.00,1.00,2.00,2.00,3.00,2.00,1.00
140,77,45.00,54,18,15,41,2,2,2,2,2,3,5,4,4,4,1,4.00,0,0,6100,79,5,1,50,89400,3.00,4.00,1.00,5.00,3.00,2.00,4.00,3.00,2.00
141,73,43.00,54,54,1,47,4,1,3,4,4,4,4,4,4,2,5,4.00,0,1,1700,232,5,1,42,32549,3.00,2.00,2.00,4.00,2.00,2.00,4.00,2.00,1.00
142,72,27.00,42,45,0,54,4,2,3,3,3,4,5,5,4,4,5,3.00,0,0,3400,21,5,1,31,81518,3.00,1.00,5.00,2.00,3.00,2.00,3.00,2.00,3.00
143,69,48.00,36,45,6,69,5,5,3,3,4,4,2,4,4,5,5,4.00,0,0,2800,255,5,1,49,51821,2.00,3.00,3.00,3.00,2.00,2.00,4.00,1.00,3.00
144,63,25.00,45,39,19,53,2,3,3,4,4,3,5,3,4,5,5,3.99,0,0,4500,13,1,2,27,74491,2.00,4.00,3.00,2.00,5.00,2.00,3.00,3.00,3.00
145,76,48.00,51,54,3,48,4,3,3,3,4,3,4,5,4,5,5,4.50,0,0,4300,216,5,1,58,56455,4.00,5.00,2.00,1.00,3.00,2.00,5.00,2.00,1.00
146,64,24.00,36,46,9,61,2,3,3,4,4,4,5,3,1,2,4,1.00,0,0,4500,4,5,1,47,51600,3.00,3.00,1.00,5.00,5.00,2.00,3.00,3.00,3.00
147,75,43.00,18,41,17,66,3,5,3,3,3,3,3,4,5,6,4,4.00,0,1,6200,179,5,1,46,32448,4.00,2.00,2.00,4.00,2.00,2.00,4.00,2.00,1.00
148,50,25.00,39,18,5,43,2,2,2,2,4,1,3,4,5,5,4,2.99,0,0,4500,10,2,1,33,42588,2.00,5.00,5.00,2.00,2.00,3.00,4.00,5.00,3.00
149,74,48.00,27,48,9,60,4,2,2,4,4,4,4,4,4,4,4,3.50,0,0,3900,20,5,1,53,117840,3.00,1.00,4.00,3.00,3.00,2.00,3.00,2.00,1.00
150,66,4.00,18,12,7,56,1,2,3,2,4,4,4,2,2,4,4,3.50,1,0,3700,96,5,1,46,46642,2.00,3.00,5.00,2.00,4.00,2.00,3.00,3.00,3.00
151,64,21.00,42,51,9,48,4,2,2,3,4,3,4,4,4,5,4,4.00,0,1,5200,75,5,1,37,37190,2.00,5.00,2.00,1.00,2.00,2.00,4.00,3.00,3.00
152,69,36.00,34,37,14,48,2,4,3,3,4,3,4,4,5,4,4,3.00,0,0,4500,6,5,2,40,54960,2.00,4.00,3.00,5.00,3.00,2.00,3.00,1.00,3.00
153,86,45.00,45,51,7,62,1,1,3,4,4,4,4,4,4,4,4,3.00,1,0,2500,26,5,1,52,66000,4.00,3.00,2.00,4.00,3.00,4.00,4.00,3.00,4.00
154,48,24.00,16,48,0,56,2,1,1,2,2,2,4,4,4,4,4,3.50,0,0,4300,20,5,2,38,31302,1.00,2.00,1.00,2.00,3.00,3.00,3.00,5.00,3.00
155,61,25.00,39,52,9,57,1,3,3,3,3,3,3,4,4,4,4,2.00,0,0,4500,5,1,1,47,43992,2.00,1.00,5.00,3.00,4.00,1.00,1.00,3.00,3.00
156,42,35.00,13,51,2,35,4,3,1,2,2,3,3,5,4,4,1,1.00,1,1,6700,134,2,1,33,43087,1.00,5.00,4.00,2.00,5.00,3.00,4.00,5.00,3.00
157,79,39.00,42,51,3,60,5,5,3,4,4,4,3,4,3,4,5,4.00,0,1,5400,168,5,2,40,25802,4.00,2.00,2.00,1.00,2.00,4.00,4.00,3.00,2.00
158,79,43.00,48,33,13,53,4,4,3,3,3,4,4,2,4,4,5,4.00,0,1,5700,134,1,1,34,80438,4.00,3.00,3.00,5.00,2.00,2.00,4.00,3.00,2.00
159,88,42.00,52,52,3,68,5,4,4,4,4,4,4,4,3,2,5,4.00,0,1,7100,85,5,2,28,57184,5.00,3.00,2.00,4.00,2.00,4.00,4.00,3.00,4.00
160,63,40.00,50,50,9,64,2,1,2,2,4,2,4,4,3,2,5,5.00,0,0,5500,51,1,2,40,45386,3.00,2.00,5.00,2.00,1.00,2.00,5.00,3.00,3.00
161,61,30.00,26,46,8,66,3,4,4,3,3,3,3,3,5,2,4,2.00,0,0,4500,5,5,1,47,61358,1.00,1.00,4.00,3.00,4.00,1.00,4.00,3.00,3.00
162,73,45.00,54,54,13,53,4,2,2,3,3,3,3,4,2,5,4,3.50,1,0,4600,20,5,2,28,94440,3.00,5.00,2.00,2.00,2.00,2.00,3.00,2.00,1.00
163,83,42.00,48,54,6,61,5,3,2,4,2,4,4,4,4,2,5,3.67,0,0,3900,36,5,2,44,70934,4.00,4.00,3.00,5.00,5.00,1.00,3.00,3.00,2.00
164,73,30.00,45,51,6,64,2,2,3,4,3,4,3,2,4,4,1,3.50,0,0,2000,251,5,1,60,72862,3.00,5.00,5.00,3.00,3.00,2.00,3.00,2.00,1.00
165,92,48.00,51,51,21,59,4,4,4,4,4,5,5,4,5,2,3,3.75,0,0,7700,133,1,2,38,83842,5.00,5.00,4.00,2.00,2.00,4.00,3.00,3.00,4.00
166,86,43.00,54,52,23,60,5,4,3,4,4,2,5,5,5,2,3,4.25,0,1,4400,244,5,1,43,73800,4.00,5.00,5.00,1.00,1.00,4.25,5.00,3.00,2.00
167,93,45.00,54,50,27,71,3,4,3,5,4,5,5,5,4,4,4,5.00,0,0,4500,3,2,1,27,42120,5.00,5.00,3.00,5.00,1.00,4.00,5.00,3.00,4.00
168,62,18.00,51,29,1,58,2,2,2,2,4,3,4,2,4,5,4,4.00,0,1,5300,150,5,2,41,51542,2.00,2.90,2.00,4.00,2.00,2.00,4.00,3.00,3.00
169,39,23.00,11,15,0,45,4,1,2,2,1,2,2,3,2,4,4,1.00,1,1,4300,243,5,1,47,46706,1.00,1.50,1.00,2.00,5.00,3.00,4.00,5.00,3.00
170,66,47.00,43,33,8,55,3,3,2,3,3,3,4,4,4,5,4,3.00,0,0,4500,8,2,1,25,76801,2.00,3.30,5.00,3.00,3.00,2.00,2.00,1.00,3.00
171,60,42.00,21,0,12,48,5,5,2,2,2,4,4,2,5,5,4,3.00,0,0,5700,23,5,1,32,65164,1.00,1.00,4.00,2.00,3.00,1.00,2.00,3.00,3.00
172,90,43.00,48,54,27,75,2,3,2,3,4,4,4,4,5,4,4,5.00,0,1,3600,21,5,2,25,37712,4.00,5.00,2.00,1.00,1.00,5.00,5.00,3.00,4.00
173,64,30.00,41,50,0,44,3,5,2,3,2,4,3,5,4,4,1,3.33,0,0,5800,40,5,1,31,76961,2.00,5.00,3.00,5.00,3.00,2.00,2.00,3.00,3.00
174,79,43.00,54,50,14,73,3,2,2,5,5,3,4,3,3,4,1,4.00,0,0,8200,32,5,2,51,55661,4.00,5.00,2.00,4.00,2.00,5.00,4.00,3.00,2.00
175,72,44.00,51,54,7,67,4,3,3,3,4,4,4,4,3,2,1,2.99,0,0,4500,18,5,1,31,89222,3.00,5.00,5.00,2.00,5.00,2.00,4.00,2.00,3.00
176,73,29.00,40,46,5,63,3,4,3,3,3,3,4,3,4,2,5,3.75,0,0,3600,222,5,2,43,51498,3.00,4.60,5.00,2.00,2.00,2.00,2.00,2.00,1.00
177,79,43.00,41,50,11,53,4,4,2,4,2,4,4,4,4,5,5,4.00,0,1,5000,87,5,2,32,62700,4.00,5.00,5.00,3.00,2.00,3.00,4.00,3.00,2.00
178,73,43.00,42,27,19,62,4,2,3,4,4,4,4,4,4,4,3,2.99,0,0,4900,96,5,2,44,43493,3.00,2.70,4.00,5.00,3.00,2.00,2.00,2.00,1.00
179,80,39.00,51,47,13,65,4,4,3,5,5,5,5,4,4,2,3,3.50,0,1,5700,138,1,2,39,78348,5.00,4.70,5.00,4.00,2.00,3.00,3.00,3.00,2.00
180,86,49.00,48,54,3,59,4,5,2,1,1,3,5,4,2,4,5,3.00,0,1,2900,302,5,1,50,118596,5.00,5.00,2.00,2.00,1.00,4.00,3.00,3.00,4.00
181,46,18.00,15,43,0,47,4,3,2,3,4,3,2,3,4,5,5,3.75,0,0,3600,46,5,2,41,88801,1.00,4.30,3.00,1.00,4.00,3.00,3.00,5.00,3.00
182,80,45.00,51,51,27,64,3,3,2,1,5,1,5,3,3,4,5,4.00,0,1,5800,172,1,1,41,54131,4.00,5.00,3.00,3.00,2.00,2.00,4.00,3.00,2.00
183,70,42.00,15,31,2,51,3,1,2,2,2,2,4,4,5,4,5,3.50,0,1,4700,47,5,1,33,111360,3.00,3.10,3.00,4.00,5.00,2.00,3.00,1.00,3.00
184,73,15.00,33,54,0,37,4,5,2,2,4,5,5,5,3,4,3,4.25,0,0,2300,274,5,1,52,101496,3.00,5.00,2.00,5.00,3.00,2.00,4.00,2.00,1.00
185,71,51.00,54,39,3,43,1,4,1,2,3,4,4,4,4,4,3,4.25,0,1,8000,117,5,1,35,48773,3.00,3.90,5.00,2.00,2.00,2.00,4.00,2.00,3.00
186,56,13.00,22,37,0,51,2,2,2,2,2,4,4,4,2,4,3,3.00,1,0,2200,255,5,1,49,89626,2.00,3.70,4.00,1.00,3.00,1.00,3.00,4.00,3.00
187,74,45.00,54,51,4,70,4,3,3,3,4,4,4,4,4,4,3,2.75,1,0,2800,327,5,1,54,35724,4.00,5.00,5.00,5.00,3.00,2.00,4.00,2.00,1.00
188,77,51.00,32,54,5,57,4,4,2,3,2,4,4,4,4,2,3,4.25,0,0,5300,230,5,2,50,47411,4.00,5.00,4.00,4.00,2.00,1.00,4.00,3.00,2.00
189,61,18.00,40,51,3,46,2,5,3,3,4,2,2,4,4,2,2,2.99,1,0,4500,21,4,2,22,69557,2.00,5.00,5.00,4.00,5.00,1.00,4.00,3.00,3.00
190,78,40.00,47,50,9,63,3,2,3,4,4,4,5,5,4,6,2,3.50,0,0,6300,85,2,1,37,55392,4.00,5.00,5.00,5.00,2.00,3.00,3.00,3.00,2.00
191,67,40.00,46,41,7,67,2,4,3,4,3,4,4,4,5,5,2,5.00,0,0,7500,50,2,1,26,51407,1.00,4.10,3.00,4.00,1.00,2.00,5.00,1.00,3.00
192,77,35.00,45,42,18,56,5,2,3,4,2,4,4,4,4,4,2,4.00,0,0,6300,102,5,1,38,105682,4.00,4.20,2.00,5.00,2.00,2.00,4.00,3.00,2.00
193,78,45.00,54,48,18,56,2,2,3,3,3,4,5,4,3,4,2,3.50,0,0,5300,21,5,1,33,42067,3.00,4.80,1.00,2.00,3.00,4.00,3.00,3.00,2.00
194,75,39.00,35,42,3,57,2,4,2,2,2,3,4,4,5,2,5,4.00,0,1,4700,27,5,2,37,70078,4.00,4.20,5.00,4.00,2.00,2.00,4.00,2.00,1.00
195,68,15.00,47,47,0,47,3,1,1,2,2,2,4,4,4,4,1,3.99,0,0,2400,22,5,2,26,63168,3.00,4.70,2.00,3.99,4.00,2.00,3.00,1.00,3.00
196,70,31.00,22,49,7,61,4,2,3,2,3,4,4,3,4,4,1,3.75,1,0,6600,87,5,2,33,98798,3.00,4.90,3.00,3.75,2.00,2.00,2.00,1.00,3.00
197,66,12.00,47,48,11,56,3,2,4,5,3,3,3,2,5,5,1,2.99,0,0,4500,10,5,1,29,68040,3.00,4.80,3.00,2.99,1.00,2.00,4.00,1.00,3.00
198,59,17.00,48,41,6,70,4,5,3,3,5,3,4,4,4,4,1,3.99,0,0,4500,17,1,1,40,71418,1.00,4.10,3.00,3.99,4.00,1.00,3.00,4.00,3.00
199,76,48.00,39,51,3,70,5,5,4,1,4,4,4,1,4,4,1,4.00,0,0,7200,40,5,1,29,45240,3.00,5.00,2.00,4.00,2.00,2.00,4.00,3.00,1.00
200,65,37.00,37,48,0,56,4,2,2,2,4,3,4,2,4,5,1,4.00,0,0,5800,34,5,1,42,54358,2.00,4.80,5.00,4.00,2.00,2.00,4.00,2.00,3.00
201,81,51.00,51,45,13,64,3,2,3,4,4,4,4,3,5,4,1,4.00,0,0,8100,24,5,1,30,77916,4.00,4.50,4.00,4.00,2.00,3.00,4.00,3.00,2.00
202,54,18.00,27,51,2,54,3,5,2,2,4,3,2,4,5,4,1,3.00,1,0,6200,27,5,1,45,109661,2.00,5.00,5.00,3.00,3.00,1.00,2.00,5.00,3.00
203,78,49.00,52,50,11,71,4,3,4,4,3,3,4,4,2,5,1,4.00,0,0,6000,23,5,2,35,50400,4.00,5.00,2.00,4.00,2.00,4.00,4.00,3.00,3.00
204,81,45.00,30,38,3,56,5,5,2,1,5,2,2,5,4,1,5,4.50,0,1,3600,247,1,2,42,71774,4.00,3.80,3.00,4.50,2.00,4.00,5.00,3.00,2.00
205,68,22.00,42,54,5,64,3,3,3,4,3,3,4,4,4,4,4,4.00,0,1,5700,28,5,2,30,74861,3.00,5.00,2.00,4.00,2.00,2.00,4.00,1.00,3.00
206,59,20.00,27,51,0,72,4,3,4,3,4,2,3,4,4,4,4,4.00,0,0,6300,95,5,2,41,51101,2.00,5.00,5.00,4.00,2.00,1.00,4.00,4.00,3.00
207,73,35.00,44,52,15,65,4,3,3,4,4,4,4,4,5,4,4,3.00,1,0,4500,2,5,1,26,74491,3.00,5.00,4.00,3.00,3.00,2.00,3.00,2.00,1.00
208,74,42.00,54,54,3,64,4,2,2,5,1,4,4,4,4,4,4,3.75,0,1,5800,75,5,1,37,60176,4.00,5.00,3.00,3.75,3.00,2.00,2.00,2.00,1.00
209,67,28.00,51,54,0,65,1,2,4,3,4,4,5,4,4,4,4,4.00,0,0,6000,25,5,2,45,28517,3.00,5.00,2.00,4.00,2.00,2.00,4.00,1.00,3.00
210,70,30.00,27,45,10,59,3,2,3,3,3,4,4,3,4,4,4,4.00,0,0,4800,23,5,1,34,32160,3.00,4.50,2.00,4.00,2.00,2.00,4.00,1.00,3.00
211,91,43.00,37,48,25,79,3,3,3,5,5,5,5,5,4,4,4,5.00,0,0,4500,5,5,1,41,59882,5.00,4.80,2.00,5.00,1.00,4.00,5.00,3.00,4.00
212,84,49.00,45,52,17,82,4,2,2,4,4,4,4,4,4,5,4,4.00,0,1,4600,85,5,1,62,21091,4.00,5.00,3.00,4.00,2.00,4.00,4.00,3.00,2.00
213,60,19.00,12,26,6,54,4,3,2,3,5,2,4,3,5,4,4,4.00,1,1,8500,74,5,1,27,26707,2.00,2.60,3.00,4.00,2.00,1.00,4.00,4.00,3.00
214,79,34.00,43,31,9,75,3,4,3,3,3,4,4,4,2,2,4,4.00,0,0,4900,41,1,2,31,21360,4.00,3.10,2.00,4.00,2.00,4.00,4.00,3.00,2.00
215,87,48.00,54,54,24,75,5,4,3,4,4,5,5,4,3,4,5,4.75,0,1,2900,205,5,2,57,115216,5.00,5.00,5.00,4.75,5.00,2.00,5.00,3.00,4.00
216,60,30.00,6,49,4,60,3,2,1,2,2,2,2,2,4,2,5,4.00,0,1,2400,276,5,1,47,51392,2.00,4.90,2.00,4.00,2.00,1.00,4.00,4.00,3.00
217,85,36.00,47,52,5,51,4,1,3,4,4,3,4,5,3,5,5,3.50,0,0,2900,205,2,1,47,75190,4.00,5.00,3.00,3.50,3.00,3.00,3.00,3.00,2.00
218,61,29.00,46,46,9,55,3,3,3,3,2,3,4,4,4,6,5,2.99,0,0,4500,11,2,1,49,40685,2.00,4.60,1.00,2.99,2.00,1.00,4.00,3.00,3.00
219,65,22.00,45,48,0,44,3,1,1,2,3,3,4,3,4,3,5,3.00,0,0,3200,66,5,2,31,79476,4.00,4.80,2.00,3.00,3.00,2.00,1.00,2.00,3.00
220,53,13.00,34,42,1,49,4,1,2,2,3,3,4,4,3,2,5,3.67,0,1,4300,144,5,2,38,106208,3.00,4.20,5.00,3.67,5.00,1.00,3.00,5.00,3.00
221,68,20.00,23,28,12,54,2,3,3,4,4,4,4,3,4,5,5,3.00,0,0,4500,4,5,2,33,46176,2.00,2.80,4.00,3.00,3.00,2.00,4.00,1.00,3.00
222,57,36.00,4,33,0,42,2,3,1,1,3,1,2,1,1,2,5,3.00,0,0,3100,11,5,2,25,107520,2.00,3.30,5.00,2.00,3.00,1.00,2.00,4.00,3.00
223,55,30.00,18,13,0,40,2,4,2,4,4,3,3,3,3,2,1,3.25,0,0,4100,150,1,1,38,47588,1.00,1.30,2.00,3.25,3.00,1.00,4.00,5.00,3.00
224,77,41.00,39,15,10,30,1,3,1,3,3,3,3,2,1,2,1,4.00,0,0,5200,134,1,2,30,92002,4.00,1.50,3.00,4.00,2.00,2.00,4.00,3.00,2.00
225,68,16.00,51,54,24,64,2,4,4,5,5,4,4,4,5,3,1,3.00,0,0,4500,1,1,2,26,70421,3.00,5.00,2.00,3.00,3.00,2.00,3.00,1.00,3.00
226,67,22.00,6,7,3,42,4,4,2,2,2,2,3,2,4,2,1,3.75,0,1,3200,76,5,1,57,89093,2.00,3.00,5.00,3.75,2.00,2.00,1.00,1.00,3.00
227,76,43.00,51,15,0,35,3,2,2,1,1,1,3,2,2,2,1,3.50,0,1,4300,77,5,2,53,58722,4.00,5.00,4.00,3.50,1.00,2.00,3.00,3.00,2.00
228,78,46.00,33,46,17,59,1,5,1,3,4,3,4,3,4,2,1,4.33,0,1,3400,33,5,2,32,55729,4.00,1.00,5.00,4.33,2.00,2.00,5.00,3.00,3.00
229,65,33.00,34,33,9,58,3,1,2,3,4,3,3,3,4,1,1,4.25,0,1,3900,126,1,2,38,78648,3.00,2.00,3.00,4.25,3.00,2.00,4.00,2.00,3.00
230,63,34.00,37,42,0,36,3,2,3,3,3,3,3,3,5,3,1,4.25,0,1,4000,133,1,1,46,58800,2.00,1.00,2.00,4.25,2.00,2.00,4.00,3.00,3.00
231,65,31.00,20,41,1,36,2,1,1,2,1,1,2,4,4,2,1,3.75,0,0,4400,156,5,1,50,121800,2.00,3.00,5.00,3.75,1.00,2.00,1.00,2.00,3.00
232,73,42.00,51,51,0,49,2,2,2,2,4,2,2,2,4,2,1,4.25,0,0,4300,294,5,2,50,108529,3.00,2.00,3.00,4.25,2.00,2.00,4.00,2.00,1.00
233,84,48.00,48,54,3,65,4,4,3,5,4,4,4,4,5,3,3,3.75,0,0,5600,182,5,2,36,77827,4.00,1.00,2.00,3.75,5.00,4.00,2.00,3.00,2.00
234,64,38.00,43,38,2,53,2,2,2,1,1,1,1,1,4,4,1,3.50,0,0,2600,146,5,1,57,28361,2.00,5.00,1.00,3.50,3.00,2.00,3.00,3.00,3.00
235,77,48.00,54,54,3,54,5,1,3,2,2,2,4,4,4,2,1,4.00,0,0,4800,318,5,1,46,58722,4.00,4.00,2.00,4.00,2.00,2.00,4.00,3.00,2.00
236,67,45.00,22,44,0,43,3,4,2,3,4,3,5,5,3,4,1,3.50,0,0,2900,262,5,1,54,28548,3.00,2.00,5.00,3.50,2.00,2.00,3.00,1.00,3.00
237,77,47.00,40,50,9,52,2,3,2,3,3,3,4,4,4,2,1,4.50,0,0,4800,265,5,2,44,90050,4.00,3.00,4.00,4.50,3.00,3.00,5.00,3.00,2.00
238,29,5.00,11,8,2,51,1,2,1,1,1,3,3,3,4,5,1,2.00,0,0,6200,143,2,2,50,61510,1.00,2.00,5.00,5.00,1.00,3.00,4.00,5.00,3.00
239,66,39.00,31,44,5,64,4,3,3,3,3,1,1,1,4,1,5,4.00,0,0,4300,220,1,1,39,105094,3.00,5.00,2.00,4.00,2.00,2.00,4.00,2.00,3.00
240,72,34.00,29,48,6,50,5,3,4,2,4,3,4,3,4,3,1,3.50,0,0,2900,111,2,1,34,75443,2.00,3.00,3.00,3.50,4.00,2.00,3.00,2.00,3.00
241,72,46.00,30,52,0,70,4,1,3,5,5,5,5,5,4,4,1,4.00,0,0,3200,271,5,1,57,41556,4.00,2.00,2.00,4.00,2.00,2.00,4.00,2.00,3.00
242,66,44.00,35,41,3,50,2,2,2,2,4,2,4,3,2,5,1,3.33,0,0,2100,87,5,1,55,34694,2.00,1.00,5.00,3.33,2.00,2.00,2.00,1.00,3.00
243,66,45.00,16,51,3,37,4,1,1,1,1,4,1,4,4,5,1,4.00,0,0,3900,292,5,1,53,53005,2.00,4.00,4.00,4.00,2.00,2.00,4.00,2.00,3.00
244,70,43.00,42,50,4,50,4,1,2,3,4,4,5,5,3,4,1,3.50,0,0,3400,248,5,1,49,75216,3.00,5.00,5.00,3.50,3.00,2.00,3.00,1.00,3.00
245,51,25.00,10,14,0,39,3,5,1,2,2,2,2,2,4,1,3,3.00,0,0,1700,46,5,2,34,64620,1.00,2.00,2.00,3.00,3.00,5.00,4.00,5.00,3.00
246,67,30.00,54,35,3,45,2,2,3,2,3,3,5,4,3,2,2,3.99,0,0,6500,15,5,2,35,103930,2.00,3.00,3.00,3.99,2.00,2.00,3.00,1.00,3.00
247,66,35.00,52,52,10,49,4,2,2,4,4,4,4,4,4,2,3,2.75,0,1,2800,211,5,1,43,29616,2.00,5.00,3.00,2.75,4.00,2.00,5.00,1.00,3.00
248,82,41.00,37,54,5,68,3,4,4,3,2,4,4,4,5,4,5,4.25,0,1,2700,273,5,1,46,28049,4.00,4.00,2.00,4.25,1.00,5.00,5.00,3.00,2.00
249,72,45.00,6,34,5,48,2,1,1,3,3,2,2,1,4,5,5,4.00,0,0,2100,23,5,2,44,42619,3.00,2.00,5.00,4.00,2.00,2.00,4.00,2.00,3.00
250,66,48.00,25,45,4,40,4,4,1,1,4,3,3,4,4,5,5,4.00,0,0,4300,167,5,2,46,50575,2.00,3.00,5.00,4.00,2.00,2.00,4.00,2.00,3.00
251,80,45.00,50,49,8,52,2,3,3,3,4,4,4,4,5,3,3,4.00,0,0,4500,3,5,2,36,53544,5.00,5.00,2.00,4.00,2.00,2.00,4.00,3.00,2.00
252,82,45.00,26,18,15,72,3,3,3,4,4,4,4,3,4,4,3,3.50,0,0,3900,64,5,2,39,111590,5.00,1.00,5.00,3.50,2.00,5.00,3.00,3.00,2.00
253,61,42.00,51,33,0,47,2,2,2,2,2,3,3,3,4,5,1,4.00,0,0,4400,171,2,1,44,22531,2.00,3.00,4.00,4.00,2.00,1.00,4.00,3.00,3.00
254,74,48.00,45,51,3,71,4,2,2,2,2,3,3,5,4,2,1,4.00,0,0,6100,263,5,1,53,92160,3.00,5.00,1.00,4.00,2.00,2.00,4.00,2.00,1.00
255,66,39.00,50,50,5,51,3,1,3,3,2,4,4,4,2,5,1,2.75,0,0,3600,263,5,1,50,31387,2.00,4.00,2.00,2.75,3.00,2.00,3.00,1.00,3.00
256,80,48.00,54,52,3,68,3,1,2,4,2,3,4,5,4,3,1,3.75,0,0,3000,90,5,2,46,88368,4.00,2.00,5.00,3.75,5.00,4.00,2.00,3.00,2.00
257,64,45.00,27,54,0,73,3,2,3,4,4,3,3,4,3,3,1,4.00,0,0,5100,93,5,1,37,81096,2.00,5.00,1.00,4.00,2.00,2.00,4.00,3.00,3.00
258,69,27.00,18,32,4,57,4,1,1,2,2,2,3,4,4,6,1,3.75,0,0,3300,178,5,1,53,70081,2.00,1.00,2.00,3.75,2.00,2.00,2.00,1.00,3.00
259,62,38.00,41,40,0,49,1,4,4,1,1,1,1,1,3,5,1,3.75,0,0,4100,124,2,2,43,33571,1.00,5.00,5.00,3.75,1.00,2.00,1.00,3.00,3.00
260,57,29.00,10,39,1,53,1,1,1,2,1,1,1,1,3,3,1,5.00,0,1,7900,158,5,2,31,62958,1.00,4.00,5.00,5.00,3.00,1.00,5.00,4.00,3.00
261,74,48.00,24,32,8,45,4,2,2,2,2,2,4,4,4,3,5,4.25,1,1,3300,262,5,1,49,93499,4.00,2.00,3.00,4.25,2.00,2.00,4.00,2.00,1.00
262,76,47.00,52,41,1,52,3,3,4,1,1,1,4,4,4,1,1,3.75,0,0,4800,90,1,2,50,97790,4.00,3.00,2.00,3.75,1.00,2.00,2.00,3.00,2.00
263,72,32.00,40,44,1,38,4,4,3,2,4,3,4,4,2,4,1,3.00,0,0,2800,354,5,1,57,76288,3.00,2.00,1.00,4.25,3.00,2.00,4.00,2.00,3.00
264,70,30.00,49,42,6,46,4,2,1,2,2,2,2,3,2,3,1,3.00,0,1,6000,169,1,2,38,77506,3.00,5.00,2.00,3.00,3.00,2.00,3.00,2.00,3.00
265,81,45.00,54,54,3,48,2,2,3,3,3,2,2,3,2,2,1,3.25,0,1,5100,144,5,2,49,89810,4.00,4.00,4.00,3.25,5.00,3.75,2.00,3.00,2.00
266,84,48.00,39,36,18,52,4,5,3,4,4,2,4,2,3,4,1,4.50,0,0,3300,356,5,1,56,35537,4.00,2.00,4.00,4.50,4.00,4.00,5.00,3.00,2.00
267,82,42.00,52,47,9,63,3,2,3,2,4,3,3,3,3,2,1,3.75,0,1,4600,75,5,2,29,94970,4.00,3.00,5.00,3.75,2.00,5.00,2.00,3.00,2.00
268,75,43.00,37,49,6,52,5,2,3,2,2,2,4,4,4,2,1,4.00,0,0,4100,311,5,2,51,84410,3.00,2.00,2.00,4.00,2.00,2.00,4.00,2.00,1.00
269,76,49.00,42,54,6,49,4,2,3,2,2,4,4,4,3,3,1,4.25,0,0,3600,281,5,1,46,69736,3.00,5.00,5.00,4.25,3.00,2.00,4.00,1.00,1.00
270,77,35.00,45,40,4,52,2,4,2,4,4,3,4,4,5,4,1,4.00,0,0,4700,39,5,1,53,106574,5.00,4.00,3.00,2.00,2.00,2.00,4.00,3.00,2.00
271,75,35.00,54,45,0,47,1,1,1,1,1,1,5,4,3,5,1,3.75,0,1,4700,79,5,1,30,34538,3.00,2.00,2.00,1.00,2.00,2.00,2.00,2.00,1.00
272,73,42.00,32,54,0,44,4,4,2,2,3,2,2,4,4,4,1,4.00,0,0,2700,334,5,1,59,78634,3.00,3.00,1.00,2.00,2.00,2.00,4.00,2.00,1.00
273,82,39.00,48,51,12,74,4,2,4,2,2,4,4,4,3,2,1,4.00,0,0,2800,295,5,1,51,129148,5.00,2.00,2.00,4.00,2.00,4.00,4.00,3.00,2.00
274,64,28.00,44,52,4,59,4,3,3,4,3,4,4,3,4,3,1,4.25,0,1,3600,341,5,1,61,82619,2.00,5.00,5.00,2.00,3.00,2.00,4.00,3.00,3.00
275,79,42.00,51,54,2,60,5,5,3,4,2,4,4,4,4,4,1,3.33,0,0,3600,246,1,1,48,33478,4.00,3.00,4.00,3.00,2.00,2.00,3.00,3.00,2.00
276,73,39.00,40,48,4,44,2,2,2,2,2,2,3,3,4,2,1,4.50,0,1,4400,110,5,1,29,47362,3.00,2.00,2.00,2.00,1.00,2.00,5.00,2.00,3.00
277,81,51.00,48,41,7,48,3,2,2,2,2,2,4,3,2,2,1,3.25,0,0,4200,264,5,2,47,49109,4.00,1.00,5.00,5.00,4.00,2.00,2.00,3.00,2.00
278,54,32.00,31,48,4,55,2,2,2,1,2,4,4,5,1,3,1,3.00,0,1,3300,303,5,1,48,31138,2.00,5.00,2.00,4.00,3.00,1.00,4.00,5.00,3.00
279,60,17.00,27,34,0,65,2,2,2,2,2,2,2,4,4,5,1,4.00,0,1,7500,98,5,1,35,32885,1.00,4.00,5.00,2.00,2.00,1.00,4.00,4.00,3.00
280,53,39.00,12,45,0,47,4,1,1,3,2,2,2,4,2,5,1,3.00,1,0,3400,132,5,1,55,43805,1.00,2.00,2.00,3.00,3.00,1.00,4.00,5.00,3.00
281,74,42.00,18,54,12,51,4,2,3,4,4,4,4,4,3,5,1,4.25,0,1,4500,92,5,1,52,35568,2.00,3.00,4.00,5.00,3.00,2.00,4.00,2.00,1.00
282,75,48.00,36,48,7,68,2,5,2,4,4,3,3,4,4,2,1,4.00,0,0,3400,36,5,1,30,52260,4.00,5.00,4.00,4.00,2.00,2.00,4.00,2.00,1.00
283,62,31.00,23,50,0,54,2,3,3,3,3,3,4,4,3,2,1,3.00,0,0,3200,321,5,1,49,44210,2.00,4.00,1.00,2.00,3.00,2.00,1.00,3.00,3.00
284,64,51.00,46,51,3,65,3,2,4,1,1,1,3,4,2,4,1,3.75,0,0,3800,300,5,1,49,83363,2.00,2.00,2.00,3.00,2.00,2.00,1.00,3.00,3.00
285,52,42.00,3,48,0,32,1,1,1,1,1,1,1,5,5,5,1,4.00,0,0,5800,140,2,1,45,38438,1.00,3.00,4.00,2.00,2.00,1.00,4.00,5.00,3.00
286,81,32.00,46,49,11,81,4,2,3,4,5,5,5,5,3,2,1,3.00,1,0,3800,289,5,1,56,48922,4.00,2.00,5.00,1.00,3.00,3.00,4.00,3.00,2.00
287,73,17.00,15,21,9,44,2,3,2,4,4,4,4,4,3,2,1,3.50,0,0,3400,228,4,1,53,108205,3.00,1.00,3.00,4.00,3.00,2.00,3.00,2.00,1.00
288,64,19.00,45,45,24,63,3,3,3,4,4,4,4,4,5,3,1,4.00,0,1,8000,43,2,2,28,125686,1.00,5.00,2.00,5.00,2.00,2.00,4.00,3.00,3.00
289,72,21.00,21,40,6,66,3,4,3,3,3,3,3,3,4,1,1,3.99,0,0,5800,145,5,2,48,113904,3.00,4.00,3.00,2.00,2.00,2.00,4.00,2.00,3.00
290,72,27.00,39,48,9,64,2,4,1,1,1,1,1,1,4,5,1,4.00,0,0,3400,271,5,1,52,103147,4.00,2.00,2.00,3.00,2.00,2.00,4.00,2.00,3.00
291,72,45.00,30,52,9,64,4,3,3,4,3,4,4,4,3,2,1,3.00,1,0,3600,38,5,1,52,22531,4.00,3.00,5.00,2.00,3.00,2.00,3.00,2.00,3.00
292,81,38.00,35,52,1,55,3,2,3,2,3,2,2,2,4,2,1,3.00,0,0,3500,97,2,2,38,116159,5.00,2.00,2.00,1.00,3.00,1.00,4.00,3.00,2.00
293,70,37.00,42,41,1,58,4,2,3,3,4,3,3,1,3,3,1,4.25,0,0,4500,138,5,2,34,37733,3.00,1.00,1.00,5.00,3.00,2.00,4.00,1.00,3.00
294,83,45.00,25,54,3,63,3,4,4,1,1,5,5,5,5,1,1,4.00,1,0,3500,124,5,1,48,73483,5.00,5.00,4.00,4.00,2.00,3.00,4.00,3.00,2.00
295,49,11.00,20,38,0,44,4,1,2,1,1,1,2,3,2,4,1,4.25,0,0,4100,54,5,1,44,113621,1.00,3.00,1.00,2.00,4.00,3.00,4.00,5.00,3.00
296,65,39.00,14,28,8,51,4,5,3,3,3,3,3,3,4,1,1,4.00,0,0,5400,314,5,2,57,121175,2.00,2.00,1.00,3.00,2.00,2.00,4.00,2.00,3.00
297,72,33.00,29,46,3,53,2,5,2,2,4,3,4,4,4,4,1,3.25,0,1,3600,150,4,1,50,86633,4.00,5.00,2.00,2.00,2.00,2.00,3.00,2.00,3.00
298,70,23.00,48,30,10,46,4,3,3,4,3,3,4,3,3,2,1,4.00,0,0,5900,129,2,2,35,58142,3.00,3.00,5.00,1.00,2.00,2.00,4.00,1.00,3.00
299,82,43.00,45,54,3,49,3,1,2,2,2,2,4,2,4,4,1,4.33,0,0,3400,266,5,1,50,54103,4.00,2.00,2.00,5.00,3.00,4.50,5.00,3.00,2.00
300,78,46.00,54,41,16,65,2,5,2,5,3,5,3,4,4,5,1,4.25,0,1,4200,83,5,1,47,81360,5.00,1.00,1.00,4.00,5.00,5.00,4.00,3.00,3.00
301,64,31.00,19,42,3,55,2,3,2,2,2,2,2,4,2,2,1,3.25,0,1,5000,123,1,2,29,70721,2.00,5.00,3.00,2.00,1.00,2.00,2.00,3.00,3.00
302,71,45.00,27,51,0,44,1,2,2,1,1,1,1,1,3,5,1,4.25,0,0,3400,116,5,2,49,107464,3.00,4.00,2.00,3.00,2.00,2.00,4.00,2.00,3.00
303,76,39.00,51,54,3,49,2,2,2,3,4,4,4,4,4,2,3,3.00,0,0,2500,266,5,1,45,73301,3.00,2.00,5.00,2.00,3.00,2.00,5.00,3.00,2.00
304,75,28.00,37,34,0,35,1,3,2,1,1,2,3,4,4,5,3,3.50,0,0,3000,290,5,1,48,74532,4.00,3.00,2.00,1.00,3.00,2.00,3.00,2.00,1.00
305,60,22.00,31,20,19,70,2,2,2,1,4,3,4,1,2,4,3,3.99,0,1,3900,26,5,2,36,56640,3.00,5.00,1.00,2.00,2.00,1.00,3.00,3.00,3.00
306,93,45.00,54,51,24,67,5,5,5,4,4,5,5,4,4,4,5,4.00,0,0,2500,342,5,1,51,137420,5.00,4.00,3.00,1.00,2.00,4.00,4.00,3.00,4.00
307,75,45.00,48,51,0,46,4,3,2,2,2,3,4,4,2,3,3,3.50,0,0,4700,150,1,1,44,48498,3.00,2.00,2.00,3.00,1.00,2.00,3.00,2.00,1.00
308,65,18.00,16,40,5,71,4,5,3,4,3,4,4,4,4,3,3,1.00,0,0,3300,10,1,2,32,121322,2.00,3.00,5.00,5.00,5.00,2.00,3.00,2.00,3.00
309,60,36.00,24,36,0,36,2,3,2,2,3,2,4,4,4,4,3,3.75,0,0,3700,241,5,1,52,58800,2.00,2.00,4.00,3.75,5.00,1.00,3.00,3.00,3.00
310,65,40.00,31,49,14,49,3,2,1,2,3,4,2,4,4,4,3,3.75,0,0,2600,314,5,1,48,96551,1.00,1.00,5.00,3.75,2.00,2.00,1.00,2.00,3.00
311,77,51.00,52,42,6,41,3,4,5,3,3,3,3,3,3,4,3,4.00,0,1,3600,180,1,2,40,77400,4.00,5.00,2.00,4.00,2.00,2.00,4.00,3.00,2.00
312,86,48.00,52,54,4,49,4,3,2,3,3,4,4,4,4,2,3,4.00,0,0,4300,48,1,2,32,99804,5.00,4.00,3.00,4.00,2.00,2.00,4.00,3.00,4.00
313,76,48.00,49,46,1,60,4,4,2,2,2,3,3,4,4,4,3,3.50,0,0,5900,188,1,1,46,90257,4.00,2.00,3.00,3.50,3.00,2.00,3.00,3.00,2.00
314,75,39.00,54,51,13,53,4,2,3,2,2,2,2,2,4,3,3,3.00,0,0,3200,193,1,1,39,32573,3.00,3.00,2.00,3.00,3.00,2.00,5.00,2.00,1.00
315,77,46.00,30,31,13,69,4,3,3,5,4,3,4,4,5,4,3,3.75,0,1,7100,99,5,2,44,78000,4.00,5.00,5.00,3.75,4.00,2.00,2.00,3.00,2.00
316,92,48.00,51,52,15,58,4,3,2,3,3,4,4,4,4,4,5,4.00,0,1,5700,229,5,2,41,87240,5.00,1.00,3.00,4.00,2.00,3.00,4.00,3.00,4.00
317,67,26.00,31,45,2,60,4,3,2,4,4,5,4,2,4,2,5,2.99,0,0,3900,10,1,1,25,52099,2.00,5.00,2.00,2.99,2.00,2.00,2.00,1.00,3.00
318,79,51.00,33,54,3,56,5,2,2,2,4,4,4,4,2,3,2,3.50,1,0,6500,95,5,1,52,61080,3.00,4.00,5.00,3.50,1.00,3.25,3.00,3.00,2.00
319,55,25.00,38,43,1,50,4,2,2,2,2,2,3,3,2,3,2,3.50,0,0,2500,57,5,1,31,83366,2.00,2.00,4.00,3.50,2.00,1.00,3.00,5.00,3.00
320,52,4.00,10,50,0,48,2,1,1,1,1,3,4,4,4,4,2,3.50,1,0,5100,107,5,2,39,95089,2.00,3.00,2.00,3.50,1.00,1.00,3.00,5.00,3.00
321,56,22.00,33,50,6,59,3,4,3,3,2,4,4,4,3,1,5,2.99,0,0,4600,16,1,2,28,32710,1.00,2.00,1.00,2.99,3.00,1.00,5.00,4.00,3.00
322,79,38.00,51,50,6,67,4,2,4,5,5,5,5,5,3,3,5,3.50,0,1,4300,32,5,1,26,97056,4.00,1.00,2.00,3.50,2.00,2.00,3.00,3.00,2.00
323,69,37.00,54,46,15,53,3,3,3,3,3,3,3,3,3,3,5,3.75,0,1,5100,54,1,2,29,53788,3.00,4.60,5.00,3.75,5.00,2.00,2.00,1.00,3.00
324,85,45.00,43,46,9,64,4,3,4,4,5,3,4,4,2,3,5,3.75,0,1,5100,86,1,2,28,114930,4.00,4.60,4.00,3.75,4.00,2.00,3.00,3.00,2.00
325,64,42.00,32,35,9,49,4,3,2,3,4,5,4,4,3,4,3,4.00,0,0,6900,69,5,1,32,61346,2.00,3.50,5.00,4.00,2.00,2.00,4.00,3.00,3.00
326,64,48.00,33,43,7,51,4,2,3,4,4,4,4,3,5,3,3,3.25,0,0,6000,203,1,1,39,65510,2.00,4.30,2.00,3.25,3.00,2.00,3.00,3.00,3.00
327,72,39.00,40,54,10,51,5,5,3,3,2,4,4,3,4,2,5,4.25,0,1,5300,73,5,2,43,36953,3.00,5.00,3.00,4.25,4.00,2.00,4.00,2.00,3.00
328,85,43.00,39,48,9,53,4,4,2,4,3,3,5,5,4,6,5,3.50,0,1,4500,169,1,2,43,45595,4.00,4.80,2.00,3.50,2.00,1.00,3.00,3.00,2.00
329,68,10.00,30,39,22,55,4,3,2,4,4,3,5,5,4,2,5,3.99,0,0,5900,14,5,2,24,54005,2.00,3.90,2.00,3.99,3.00,2.00,3.00,1.00,3.00
330,71,38.00,48,29,12,55,3,3,2,4,3,4,4,4,4,5,3,3.00,0,0,2500,36,2,1,30,110761,2.00,2.90,3.00,3.00,3.00,2.00,1.00,2.00,3.00
331,76,35.00,22,41,3,60,4,3,3,2,4,3,5,5,5,3,3,4.00,0,1,3300,98,5,1,30,117504,4.00,4.10,2.00,4.00,2.00,2.00,4.00,3.00,1.00
332,81,51.00,54,27,0,42,2,2,3,2,4,2,4,4,3,4,3,3.75,0,1,3500,208,1,2,45,100200,4.00,2.70,5.00,3.75,1.00,2.00,2.00,3.00,2.00
333,78,44.00,54,24,24,75,4,3,4,5,5,5,5,5,4,1,3,4.25,0,0,5300,183,5,2,37,71401,3.00,2.40,4.00,4.25,2.00,3.00,4.00,3.00,3.00
334,56,28.00,37,27,1,56,3,2,2,1,4,3,3,3,3,5,3,4.25,0,0,7000,229,5,2,46,87802,2.00,2.70,5.00,4.25,3.00,1.00,4.00,4.00,3.00
335,70,26.00,43,48,5,48,3,3,2,3,4,4,3,3,3,3,5,3.25,0,1,4100,50,2,2,27,85675,3.00,4.80,2.00,3.25,5.00,2.00,3.00,3.00,3.00
336,69,48.00,33,54,1,53,2,5,1,3,4,3,3,2,4,3,5,4.25,0,1,4700,127,5,2,38,47060,2.00,5.00,3.00,4.25,1.00,2.00,4.00,1.00,3.00
337,50,7.00,32,25,4,66,3,4,2,4,4,5,5,5,2,2,5,2.99,0,0,4200,10,5,2,20,72053,1.00,3.00,2.00,2.99,2.00,3.00,2.00,5.00,3.00
338,79,34.00,35,52,7,50,3,2,2,3,3,3,5,5,4,2,5,3.50,0,1,5200,149,1,2,41,39816,4.00,2.00,5.00,3.50,3.00,2.00,3.00,3.00,2.00
339,76,36.00,48,45,0,47,4,2,1,2,4,4,4,1,3,4,5,3.00,0,0,3900,33,1,2,27,136800,3.00,5.00,2.00,3.00,3.00,2.00,1.00,3.00,2.00
340,56,10.00,40,19,1,62,4,3,3,3,4,3,4,2,2,2,5,3.50,0,0,3500,20,5,2,25,48541,2.00,1.00,1.00,3.50,5.00,1.00,3.00,4.00,3.00
341,71,27.00,43,51,4,45,5,3,2,2,3,3,4,2,4,2,5,4.00,0,0,5300,142,5,2,45,37200,2.00,4.00,3.00,4.00,2.00,2.00,4.00,2.00,3.00
342,72,48.00,49,43,1,52,3,4,2,3,2,3,4,5,5,5,5,3.00,0,0,4500,60,5,1,48,38314,1.00,2.00,2.00,3.00,3.00,2.00,4.00,2.00,3.00
343,86,48.00,46,42,7,54,4,1,3,2,2,2,4,3,4,5,5,4.00,0,0,4200,37,5,1,34,66754,2.00,3.00,5.00,4.00,2.00,2.00,4.00,3.00,2.00
344,56,33.00,12,42,0,50,3,2,2,1,1,3,3,4,5,4,2,5.00,0,0,7300,70,5,1,36,76734,4.00,5.00,4.00,5.00,1.00,1.00,5.00,4.00,3.00
345,65,21.00,51,51,4,51,4,2,3,4,4,4,3,3,4,4,2,3.00,0,0,5300,122,5,1,31,81600,3.00,4.00,2.00,3.00,3.00,2.00,2.00,2.00,3.00
346,71,37.00,30,50,6,45,4,3,2,3,4,2,3,2,3,3,2,2.99,0,0,4000,48,5,2,26,50652,4.00,2.00,3.00,2.99,5.00,2.00,3.00,2.00,3.00
347,65,24.00,23,50,5,52,3,2,2,3,1,3,4,4,4,6,2,4.00,1,0,6100,134,5,2,36,58200,5.00,1.00,2.00,4.00,2.00,2.00,4.00,2.00,3.00
348,63,17.00,16,19,1,41,2,2,2,2,2,1,2,4,5,3,1,3.75,0,0,3700,379,5,1,54,76080,5.00,5.00,5.00,3.75,3.00,2.00,1.00,3.00,3.00
349,78,46.00,46,40,9,66,4,4,4,4,4,4,5,3,4,4,3,3.50,0,0,3200,314,5,1,48,59868,2.00,4.00,3.00,3.50,2.00,3.00,3.00,3.00,2.00
350,93,48.00,51,54,18,69,4,4,3,4,4,4,4,4,4,4,5,4.00,1,0,4400,266,5,2,62,50504,2.00,3.00,2.00,4.00,2.00,4.00,4.00,3.00,4.00
351,56,31.00,33,34,9,50,4,3,3,3,3,3,4,4,4,5,4,3.50,1,0,5400,22,1,2,29,52795,3.00,2.00,5.00,3.50,1.00,1.00,3.00,4.00,3.00
352,59,32.00,8,39,0,50,4,2,2,1,1,4,3,2,4,5,3,4.00,0,1,6200,99,5,2,37,82656,4.00,5.00,4.00,4.00,2.00,1.00,4.00,4.00,3.00
353,61,6.00,27,15,0,41,3,2,2,1,1,1,1,3,2,4,5,4.00,0,0,3700,145,5,1,48,71694,5.00,1.00,5.00,4.00,2.00,1.00,4.00,3.00,3.00
354,63,31.00,52,54,8,36,3,1,4,3,2,2,4,3,3,2,5,3.67,0,1,5600,225,5,1,44,102506,5.00,5.00,2.00,3.67,5.00,2.00,3.00,3.00,3.00
355,68,33.00,30,41,7,49,2,2,2,3,3,3,3,5,4,4,5,3.25,0,1,3900,73,5,1,47,39127,4.00,4.00,1.00,3.25,2.00,2.00,2.00,1.00,3.00
356,69,41.00,44,30,1,45,3,1,1,2,2,2,3,3,4,2,5,4.00,0,1,2900,292,5,1,48,42816,3.00,5.00,3.00,4.00,2.00,2.00,4.00,1.00,3.00
357,77,48.00,50,54,15,69,4,4,3,4,4,4,4,4,4,4,3,4.00,0,0,4500,3,5,1,31,32788,4.00,2.00,2.00,4.00,2.00,2.00,4.00,3.00,2.00
358,67,39.00,51,54,7,48,3,2,3,4,4,5,5,5,4,1,3,2.99,0,0,3800,16,1,2,31,54912,3.00,3.00,5.00,2.99,3.00,2.00,4.00,1.00,3.00
359,77,48.00,42,48,0,55,4,4,3,3,3,4,4,3,4,4,3,3.50,0,1,6700,75,5,2,37,87600,4.00,5.00,4.00,3.50,2.00,2.00,3.00,3.00,2.00
360,83,48.00,52,54,12,59,2,3,2,5,4,4,5,4,4,4,5,3.25,0,0,5500,237,1,2,43,55440,2.00,1.00,2.00,3.25,1.00,3.50,2.00,3.00,2.00
361,80,49.00,54,54,27,70,4,4,5,5,4,5,5,4,5,3,3,3.50,0,1,6400,122,5,2,31,65582,2.00,4.00,3.00,3.50,4.00,4.00,3.00,3.00,2.00
362,68,42.00,34,43,19,49,1,2,1,5,5,1,5,5,5,3,3,3.99,0,0,6900,12,5,2,23,103208,4.00,5.00,5.00,3.99,5.00,2.00,3.00,1.00,3.00
363,75,42.00,51,48,5,62,4,3,3,3,4,4,4,4,3,3,3,3.25,0,0,5500,100,5,2,46,87792,2.00,4.80,2.00,3.25,3.00,2.00,2.00,2.00,1.00
364,45,21.00,17,10,0,42,3,5,1,1,1,1,1,4,3,2,1,2.00,1,0,1800,24,1,1,47,43468,4.00,2.30,3.00,3.00,3.00,3.00,5.00,5.00,3.00
365,60,51.00,39,51,0,46,1,2,2,2,2,2,2,4,4,4,1,3.50,1,0,2500,263,5,1,52,92160,4.00,5.00,5.00,3.50,5.00,1.00,3.00,3.00,3.00
366,70,42.00,36,50,1,49,2,4,2,1,1,2,3,5,4,2,1,3.25,0,0,4800,124,5,2,41,46656,3.00,5.00,4.00,3.25,3.00,2.00,4.00,3.00,3.00
367,85,39.00,45,54,9,61,4,2,2,2,2,2,4,2,4,3,1,3.99,0,0,5800,13,5,2,39,55170,2.00,5.00,2.00,3.99,2.00,1.00,4.00,3.00,2.00
368,72,41.00,44,48,0,50,3,2,4,3,5,2,5,4,5,5,1,4.00,0,0,3400,93,5,2,40,96509,1.00,4.80,5.00,4.00,2.00,2.00,4.00,2.00,3.00
369,77,39.00,36,32,0,66,1,1,1,1,1,1,3,1,5,6,1,5.00,0,0,5800,140,5,1,49,39530,2.00,3.20,4.00,5.00,1.00,4.00,5.00,3.00,2.00
370,70,45.00,54,51,3,61,4,2,3,2,2,2,4,4,4,4,1,4.00,0,0,3000,226,5,1,54,59215,1.00,5.00,2.00,4.00,2.00,2.00,4.00,1.00,3.00
371,86,51.00,54,54,18,50,4,4,2,5,4,5,5,5,4,2,1,4.00,0,0,5200,154,5,1,37,28345,2.00,5.00,3.00,4.00,2.00,2.00,4.00,3.00,2.00
372,48,26.00,31,50,1,42,3,2,3,2,2,2,3,3,3,2,1,4.00,0,1,4600,99,4,1,29,43200,4.00,5.00,2.00,4.00,2.00,5.00,4.00,5.00,3.00
373,59,27.00,43,50,1,50,3,3,2,3,3,3,4,2,3,3,1,3.75,0,0,4500,81,2,1,36,50011,4.00,5.00,5.00,3.75,3.00,1.00,3.00,4.00,3.00
374,75,45.00,24,54,4,51,4,4,3,3,2,3,4,4,5,3,1,3.25,0,1,5100,134,2,2,31,88382,3.00,5.00,3.00,3.25,2.00,2.00,2.00,2.00,1.00
375,70,42.00,42,54,6,56,3,4,4,3,1,4,5,5,3,3,1,4.00,0,0,3500,139,5,1,57,93418,3.00,5.00,3.00,4.00,2.00,2.00,4.00,1.00,3.00
376,55,32.00,9,11,0,39,1,3,1,1,2,1,2,2,4,4,1,3.75,0,0,3900,71,5,2,37,74857,2.00,1.10,5.00,3.75,5.00,1.00,3.00,5.00,3.00
377,69,34.00,45,50,11,63,3,2,3,4,3,3,3,3,4,2,1,4.00,0,0,3700,279,5,1,58,57204,2.00,5.00,5.00,4.00,2.00,2.00,4.00,1.00,3.00
378,60,21.00,48,45,0,44,4,5,2,1,1,5,4,1,4,3,1,3.00,0,0,4200,200,5,1,39,70114,1.00,4.50,4.00,3.00,3.00,1.00,2.00,3.00,3.00
379,70,35.00,15,43,0,45,1,4,1,1,2,1,2,2,5,2,1,3.00,0,0,4200,291,1,2,47,36000,4.00,4.30,2.00,3.00,3.00,2.00,3.00,2.00,3.00
380,56,30.00,17,46,3,46,1,1,1,3,1,3,3,4,4,3,1,3.67,0,1,6200,37,2,2,30,74885,4.00,4.60,1.00,3.67,5.00,1.00,3.00,4.00,3.00
381,71,43.00,49,51,1,54,2,4,3,4,3,4,4,3,4,2,1,3.50,0,0,4500,132,1,1,40,28200,3.00,5.00,2.00,3.50,1.00,2.00,3.00,2.00,3.00
382,64,33.00,15,27,18,52,1,4,2,3,3,2,2,4,5,2,1,3.50,0,0,4800,93,2,1,37,39690,4.00,2.70,3.00,3.50,3.00,2.00,3.00,3.00,3.00
383,70,40.00,35,48,17,69,4,4,3,3,3,4,4,4,3,4,1,3.75,0,0,4200,149,5,1,55,70721,3.00,4.80,5.00,3.75,4.00,2.00,2.00,1.00,3.00
384,75,49.00,50,54,25,70,3,4,3,5,5,5,5,5,4,2,1,4.50,0,1,7100,73,5,1,38,48000,2.00,5.00,5.00,4.50,3.00,2.00,5.00,2.00,1.00
385,74,36.00,20,24,7,53,4,4,2,3,3,2,4,5,4,2,1,3.75,0,0,4200,281,5,1,53,66092,1.00,2.40,4.00,3.75,2.00,2.00,2.00,2.00,1.00
386,73,42.00,33,52,0,55,2,2,2,1,1,1,1,4,3,2,1,3.25,0,0,4900,224,4,1,42,110243,1.00,5.00,2.00,3.25,1.00,2.00,4.00,2.00,1.00
387,72,34.00,52,48,1,59,2,4,3,2,4,3,4,4,4,3,5,3.75,0,0,5000,146,5,2,38,47700,1.00,4.80,3.00,3.75,3.00,2.00,2.00,2.00,3.00
388,47,21.00,3,35,0,43,1,5,1,1,3,1,1,3,4,3,5,3.25,1,0,4100,97,1,2,34,32842,4.00,3.50,3.00,3.25,2.00,3.00,3.00,5.00,3.00
389,77,48.00,48,54,27,62,2,3,4,4,4,4,4,4,4,3,3,4.00,0,0,4500,3,1,1,28,100825,3.00,5.00,2.00,4.00,2.00,3.00,4.00,3.00,2.00
390,71,29.00,44,47,12,54,4,3,3,5,5,4,4,4,4,5,3,3.50,0,1,4500,51,5,1,27,86184,3.00,4.70,5.00,3.50,4.00,2.00,3.00,2.00,3.00
391,71,34.00,48,41,6,54,4,5,3,4,1,4,4,2,5,3,3,3.00,0,0,4800,36,1,1,26,60936,5.00,4.10,2.00,3.00,3.00,2.00,4.00,2.00,3.00
392,67,48.00,6,51,9,54,4,4,1,3,4,4,3,4,5,3,3,3.75,0,0,6500,111,5,1,33,29359,3.00,5.00,1.00,3.75,3.00,2.00,1.00,1.00,3.00
393,67,43.00,19,48,3,55,5,1,2,2,4,5,5,5,4,3,3,2.75,0,0,2600,220,5,1,44,53189,5.00,4.80,5.00,2.75,2.00,2.00,4.00,1.00,3.00
394,84,45.00,54,50,3,78,4,4,2,4,4,4,4,4,4,3,1,3.75,1,0,2800,80,5,1,52,54120,2.00,5.00,4.00,3.75,1.00,2.99,3.00,3.00,2.00
395,78,48.00,51,54,21,52,2,2,3,4,4,4,4,4,5,4,5,3.00,0,0,5100,241,1,1,46,40800,1.00,5.00,2.00,3.00,3.00,3.00,4.00,3.00,2.00
396,59,42.00,16,39,0,46,4,3,2,3,2,4,2,4,4,2,5,3.75,0,0,2900,328,5,1,50,91440,3.00,3.90,3.00,3.75,5.00,1.00,3.00,4.00,3.00
397,69,28.00,24,49,0,51,2,5,2,3,3,3,3,2,2,4,5,3.00,0,1,4700,113,1,2,32,73183,5.00,4.90,5.00,3.00,3.00,2.00,4.00,1.00,3.00
398,78,42.00,44,52,5,70,4,3,4,4,4,4,4,4,3,2,5,4.25,0,1,7900,168,1,2,41,82910,2.00,5.00,2.00,4.25,3.00,4.00,4.00,3.00,3.00
399,72,40.00,50,52,12,59,3,3,3,3,3,4,4,4,4,3,5,2.99,0,0,3700,24,1,2,26,76333,4.00,5.00,5.00,2.99,1.00,2.00,4.00,2.00,3.00
400,71,44.00,19,39,9,46,2,5,2,3,2,3,4,2,3,5,5,3.75,0,1,4600,145,5,1,36,78360,3.00,3.90,3.00,3.75,4.00,2.00,2.00,2.00,3.00
401,72,45.00,54,34,0,55,4,4,3,3,3,4,4,2,1,5,3,3.50,0,0,4500,176,5,1,45,96000,1.00,3.40,5.00,3.50,5.00,2.00,3.00,2.00,3.00
402,68,45.00,54,54,6,54,4,1,3,5,5,3,5,5,4,3,3,3.25,0,1,2100,217,5,2,44,37253,5.00,5.00,4.00,3.25,3.00,2.00,3.00,1.00,3.00
403,75,40.00,49,41,10,55,4,2,3,5,4,3,5,4,4,2,3,3.25,0,1,5100,66,1,2,35,29638,2.00,4.10,5.00,3.25,2.00,2.00,2.00,2.00,1.00
404,87,48.00,54,54,1,63,4,3,3,2,4,4,5,5,4,3,3,4.00,0,0,5800,302,5,1,56,69038,4.00,5.00,3.00,4.00,2.00,4.00,4.00,3.00,4.00
405,88,51.00,37,54,1,66,5,5,4,5,5,4,4,4,5,3,3,3.75,0,0,6600,166,1,1,37,41340,3.00,5.00,2.00,3.75,5.00,3.00,3.00,3.00,4.00
406,70,38.00,34,44,4,52,4,4,3,3,2,4,5,4,4,5,5,3.25,0,1,4100,74,5,2,30,58888,1.00,4.40,5.00,3.25,3.00,2.00,3.00,3.00,3.00
407,67,39.00,38,42,2,44,4,4,2,2,4,2,1,1,4,3,5,4.00,0,1,3700,116,2,2,47,118463,2.00,4.20,4.00,4.00,2.00,2.00,4.00,1.00,3.00
408,64,36.00,46,34,1,48,2,1,1,1,4,2,4,2,1,3,1,4.00,0,0,5100,23,5,1,53,114726,5.00,3.40,3.00,4.00,2.00,2.00,4.00,3.00,3.00
409,87,43.00,52,54,18,74,4,4,4,4,3,4,5,4,4,2,3,3.75,0,1,5400,219,1,2,42,49354,4.00,5.00,2.00,3.75,5.00,2.00,3.00,3.00,4.00
410,49,36.00,42,12,9,41,2,5,2,4,3,5,1,1,5,3,3,3.25,0,0,3000,65,5,1,34,30108,3.00,1.20,5.00,3.25,1.00,5.00,4.00,5.00,3.00
411,80,48.00,22,45,11,63,4,5,3,5,4,5,5,5,4,5,5,4.00,0,0,3900,23,5,1,50,58722,2.00,4.50,4.00,4.00,2.00,4.00,4.00,3.00,2.00
412,79,44.00,42,43,24,65,4,2,2,4,4,4,4,4,4,5,5,4.50,0,1,3800,195,5,1,40,81265,1.00,4.30,5.00,4.50,3.00,5.00,5.00,3.00,2.00
413,77,39.00,51,54,12,59,3,4,3,4,5,5,4,4,4,3,5,3.75,0,1,5900,112,1,2,33,55380,5.00,5.00,3.00,3.75,2.00,2.00,2.00,3.00,2.00
414,80,41.00,44,45,3,59,4,3,3,5,3,3,5,4,5,3,5,4.33,0,0,6400,59,4,1,32,103120,2.00,4.50,2.00,4.33,5.00,3.50,5.00,3.00,2.00
415,53,40.00,12,51,3,31,5,4,1,1,5,1,2,5,2,3,5,3.67,0,0,4600,329,5,1,49,112238,4.00,5.00,5.00,3.67,4.00,1.00,3.00,5.00,3.00
416,68,41.00,36,54,3,47,1,2,2,3,3,3,3,3,3,2,5,3.00,0,0,2800,8,5,2,49,55408,1.00,5.00,4.00,3.00,3.00,2.00,2.00,1.00,3.00
417,76,47.00,40,54,2,36,4,1,2,3,4,3,4,5,4,3,5,4.00,0,0,4600,68,5,1,35,55799,3.00,5.00,2.00,4.00,2.00,2.00,4.00,1.00,1.00
418,71,45.00,46,45,6,46,1,2,1,3,3,5,4,4,3,5,5,4.00,0,0,6300,59,5,2,43,105840,5.00,4.50,1.00,4.00,2.00,2.00,4.00,2.00,3.00
419,79,42.00,45,51,2,52,4,3,3,3,3,3,4,5,5,5,3,4.00,0,1,4700,219,5,1,40,64800,2.00,5.00,2.00,4.00,2.00,4.00,4.00,3.00,2.00
420,68,51.00,45,33,0,57,2,4,2,2,4,2,4,4,3,4,3,3.75,0,1,3300,240,5,1,48,81058,1.00,3.30,3.00,3.75,5.00,2.00,1.00,1.00,3.00
421,90,48.00,39,48,0,58,5,1,1,1,1,1,4,4,5,4,3,3.75,0,0,5300,225,5,1,43,51600,5.00,4.80,5.00,3.75,4.00,3.00,3.00,3.00,4.00
422,58,24.00,42,48,3,36,3,2,1,2,2,2,2,4,4,2,1,3.50,0,0,4300,182,5,1,39,76859,2.00,4.80,5.00,3.50,5.00,1.00,3.00,4.00,3.00
423,59,36.00,42,54,1,50,3,2,3,2,3,3,3,4,4,2,1,3.50,0,0,3800,178,5,1,39,76777,3.00,5.00,5.00,3.50,3.00,1.00,3.00,4.00,3.00
424,69,27.00,24,20,1,58,2,2,2,2,3,4,4,2,3,1,1,4.00,0,0,4700,176,5,1,34,35090,5.00,2.00,3.00,4.00,2.00,2.00,4.00,1.00,3.00
425,76,28.00,24,18,9,45,3,2,1,3,3,3,4,4,4,2,1,3.75,0,0,4600,166,5,1,36,105956,1.00,1.80,2.00,3.75,5.00,2.00,2.00,3.00,1.00
426,49,48.00,10,20,0,52,2,1,1,2,5,2,5,5,3,3,1,3.50,0,0,4400,208,1,1,42,123193,2.00,2.00,5.00,3.50,4.00,3.00,3.00,5.00,3.00
427,64,27.00,22,39,0,59,2,1,1,3,3,3,4,4,4,3,1,4.00,0,0,5600,363,5,1,55,97468,4.00,3.90,4.00,4.00,2.00,2.00,4.00,3.00,3.00
428,67,27.00,34,44,2,55,4,5,3,3,3,3,3,4,3,1,1,2.99,0,0,5200,11,5,1,41,63840,5.00,4.40,2.00,2.99,3.00,2.00,1.00,1.00,3.00
429,77,48.00,51,54,8,58,4,2,2,4,5,5,5,4,3,3,3,3.75,0,0,5400,273,5,1,46,30334,1.00,5.00,3.00,3.75,1.00,2.00,2.00,3.00,2.00
430,81,45.00,35,50,21,61,4,3,4,4,3,4,4,4,4,2,2,3.50,0,0,4700,82,1,1,40,51330,3.00,5.00,5.00,3.50,4.00,1.00,3.00,3.00,2.00
431,78,45.00,21,48,27,47,4,4,2,4,4,4,5,5,4,2,3,4.00,0,0,6800,148,5,2,39,100800,2.00,4.80,2.00,4.00,2.00,3.00,4.00,3.00,3.00
432,76,45.00,51,54,9,62,3,5,3,4,4,4,4,4,4,3,3,2.75,0,0,800,262,5,1,53,89280,5.00,5.00,5.00,2.75,5.00,2.00,1.00,3.00,2.00
433,84,42.00,39,51,24,63,4,4,3,4,4,4,4,4,5,5,3,4.25,0,0,6600,158,5,1,42,50954,2.00,5.00,4.00,4.25,3.00,5.00,5.00,3.00,2.00
434,69,38.00,19,20,6,43,4,4,2,1,4,1,3,4,2,3,3,3.00,0,1,3000,74,1,1,33,79205,3.00,2.00,2.00,3.00,3.00,2.00,5.00,1.00,3.00
435,84,42.00,52,54,23,51,2,3,3,3,3,3,5,5,4,3,3,3.25,0,0,4400,175,5,2,39,49586,1.00,5.00,3.00,3.25,2.00,1.00,2.00,3.00,2.00
436,74,37.00,39,54,18,51,4,5,2,1,3,3,3,3,4,2,3,3.50,0,1,5500,65,4,2,35,35725,5.00,5.00,2.00,3.50,1.00,2.00,3.00,2.00,1.00
437,87,48.00,51,54,10,42,3,4,5,1,2,1,3,4,3,4,3,3.25,0,0,2800,265,5,2,44,62880,4.00,5.00,2.00,3.25,2.00,3.00,2.00,3.00,4.00
438,87,43.00,54,50,0,61,3,1,2,5,3,3,4,5,4,2,3,3.75,0,0,4300,231,1,2,41,76786,2.00,5.00,3.00,3.75,3.00,4.00,3.00,3.00,4.00
439,78,47.00,50,39,25,66,4,3,3,4,4,4,4,4,5,3,5,3.75,0,1,3200,148,2,2,51,34632,3.00,3.90,2.00,3.75,2.00,1.00,2.00,3.00,2.00
440,86,48.00,54,48,25,74,2,4,3,4,4,4,4,4,4,3,5,5.00,0,0,4500,3,1,2,29,104654,2.00,4.80,5.00,5.00,1.00,3.00,5.00,3.00,2.00
441,75,35.00,50,54,9,55,2,1,1,2,2,3,5,3,4,3,5,3.50,0,1,3100,209,5,1,50,58051,1.00,5.00,2.00,3.50,4.00,2.00,3.00,2.00,1.00
442,60,45.00,42,13,9,48,4,5,1,3,3,3,3,3,4,5,5,3.50,0,1,5400,68,1,2,28,89477,5.00,1.30,5.00,3.50,5.00,1.00,3.00,3.00,3.00
443,72,46.00,54,30,6,40,4,2,3,2,3,2,4,1,4,2,5,3.50,0,1,3400,214,5,2,40,68676,3.00,3.00,3.00,3.50,3.00,2.00,3.00,2.00,3.00
444,75,49.00,52,42,9,62,2,2,3,4,3,4,4,4,3,3,5,3.50,0,0,3100,21,1,1,40,71624,2.00,4.20,2.00,3.50,2.00,2.00,3.00,2.00,1.00
445,71,31.00,47,46,3,50,2,3,3,3,4,3,4,4,4,2,5,2.99,0,0,4600,12,5,2,41,73406,1.00,4.60,1.00,2.99,1.00,2.00,2.00,2.00,3.00
446,88,42.00,48,54,9,73,2,3,3,5,4,4,4,4,5,3,5,5.00,0,0,4500,2,5,2,44,89760,5.00,5.00,2.00,5.00,1.00,3.00,5.00,3.00,4.00
447,80,44.00,40,2,21,56,2,1,3,3,3,3,4,4,5,3,5,4.25,0,1,5300,70,5,1,28,25284,3.00,1.00,5.00,4.25,4.00,3.00,5.00,3.00,2.00
448,75,33.00,39,54,21,58,2,5,2,4,4,4,4,4,5,2,5,4.00,0,0,4500,4,5,2,27,79768,2.00,5.00,4.00,4.00,1.00,2.00,4.00,2.00,1.00
449,72,18.00,36,50,5,48,4,3,4,1,1,1,1,3,4,3,5,4.00,0,1,5600,33,5,2,25,98880,1.00,5.00,5.00,4.00,2.00,2.00,4.00,2.00,3.00
450,74,11.00,31,40,15,84,3,3,3,4,4,3,5,3,4,3,5,3.99,0,0,6700,13,1,2,25,65795,5.00,4.00,2.00,3.99,5.00,2.00,4.00,2.00,1.00
451,71,43.00,28,42,10,52,3,3,3,4,3,3,4,3,5,4,5,3.00,0,0,4500,3,2,2,25,38160,4.00,4.20,3.00,3.00,3.00,2.00,3.00,2.00,3.00
452,51,30.00,30,29,0,44,2,3,3,3,3,2,2,4,3,2,5,3.00,0,0,4100,77,5,1,43,83760,3.00,2.90,2.00,3.00,3.00,5.00,2.00,5.00,3.00
453,59,24.00,37,40,3,40,4,1,2,3,1,3,3,5,4,2,5,3.00,1,0,900,338,5,1,51,79680,2.00,4.00,5.00,3.00,3.00,1.00,1.00,4.00,3.00
454,74,37.00,51,50,3,62,2,2,3,4,3,5,5,4,4,4,5,3.50,0,0,4600,223,1,2,44,65520,1.00,5.00,4.00,3.50,3.00,2.00,3.00,2.00,1.00
455,60,45.00,42,14,0,49,2,3,1,3,3,3,2,4,4,5,5,3.50,0,0,5000,182,4,1,43,80700,5.00,1.40,2.00,3.50,5.00,1.00,3.00,3.00,3.00
456,78,32.00,54,49,16,56,3,3,3,4,4,3,4,4,3,2,5,4.00,0,0,4800,10,1,2,24,28379,2.00,4.90,5.00,4.00,2.00,3.50,4.00,3.00,3.00
457,55,5.00,28,46,0,48,2,2,2,3,3,2,4,4,1,2,2,3.00,0,0,2600,49,5,2,31,27236,3.00,4.60,4.00,3.00,3.00,1.00,4.00,5.00,3.00
458,72,33.00,46,45,8,76,4,2,4,4,4,3,5,4,4,3,2,4.00,0,0,9200,65,5,1,28,67794,5.00,4.50,2.00,4.00,2.00,2.00,4.00,2.00,3.00
459,65,39.00,40,54,9,70,4,4,3,1,1,2,4,4,4,4,2,4.00,1,0,8300,89,5,2,31,55176,2.00,5.00,3.00,4.00,2.00,2.00,4.00,2.00,3.00
460,80,42.00,32,43,0,62,4,5,3,2,2,4,5,4,3,3,3,3.50,0,1,5400,207,1,2,36,28026,4.00,4.30,2.00,3.50,2.00,3.00,3.00,3.00,2.00
461,76,47.00,54,48,4,58,3,3,3,3,4,4,4,4,4,3,3,3.25,0,0,2600,235,5,1,51,30984,1.00,4.80,5.00,3.25,1.00,2.00,2.00,3.00,2.00
462,73,43.00,51,36,12,54,4,1,3,4,4,3,4,3,3,3,3,4.00,0,1,6100,85,1,2,30,33658,2.00,3.60,4.00,4.00,3.00,2.00,4.00,2.00,1.00
463,69,39.00,26,49,3,50,5,4,2,3,3,3,3,5,5,3,3,4.25,0,1,8400,151,1,2,35,43021,3.00,4.90,2.00,4.25,2.00,2.00,4.00,1.00,3.00
464,70,36.00,26,25,13,50,3,2,2,3,4,3,3,3,3,4,3,3.75,0,1,5500,68,5,2,30,47424,5.00,2.50,3.00,3.75,4.00,2.00,2.00,1.00,3.00
465,76,23.00,54,37,5,70,3,3,3,2,3,4,4,1,5,3,3,4.00,0,0,6900,104,5,1,36,61500,2.00,3.70,2.00,4.00,2.00,2.00,4.00,1.00,1.00
466,75,36.00,48,48,4,61,3,4,4,3,5,5,5,5,4,3,3,3.50,0,0,3000,137,1,2,38,65510,1.00,4.80,3.00,3.50,3.00,2.00,3.00,2.00,1.00
467,76,51.00,54,54,27,68,3,2,3,4,4,4,4,4,4,1,3,3.75,0,0,4500,221,5,1,53,80254,2.00,5.00,2.00,3.75,2.00,2.00,2.00,3.00,1.00
468,85,39.00,46,52,0,74,5,5,2,1,4,4,4,1,3,4,3,4.25,0,0,7400,184,1,2,39,41036,1.00,5.00,5.00,4.25,3.00,2.00,5.00,3.00,2.00
469,65,31.00,9,48,18,55,4,3,2,3,3,3,4,4,4,3,3,4.50,0,1,8600,141,5,2,34,34135,3.00,4.80,4.00,4.50,4.00,2.00,5.00,2.00,3.00
470,78,48.00,51,48,4,44,4,3,2,2,4,3,5,5,4,4,5,3.50,0,0,5200,238,5,1,53,63492,4.00,4.80,5.00,3.50,3.00,1.00,3.00,3.00,2.00
471,73,36.00,49,49,18,57,3,2,4,3,4,4,4,4,4,2,5,4.00,0,1,4600,32,1,2,32,31812,5.00,4.90,2.00,4.00,2.00,2.00,4.00,2.00,1.00
472,48,5.00,4,13,0,43,4,4,2,2,5,2,3,3,3,4,5,2.99,0,0,4600,16,1,2,24,62621,2.00,1.30,3.00,2.99,5.00,3.00,3.00,5.00,3.00
473,75,39.00,54,54,3,50,4,1,2,5,3,5,5,5,3,3,5,3.75,0,1,5100,67,1,2,29,77680,4.00,5.00,3.00,3.75,2.00,2.00,2.00,2.00,1.00
474,40,24.00,27,33,0,35,2,5,1,1,1,1,2,1,3,5,5,2.99,0,0,3700,16,5,2,50,79622,5.00,3.30,3.00,2.99,3.00,3.00,3.00,5.00,3.00
475,68,22.00,48,52,4,52,4,2,3,2,4,2,4,4,4,4,5,4.00,0,1,5300,31,1,1,27,50954,2.00,5.00,2.00,4.00,2.00,2.00,4.00,1.00,3.00
476,82,40.00,51,54,18,60,2,2,2,1,1,1,1,1,5,3,3,3.75,0,0,2800,210,5,1,46,26432,1.00,5.00,5.00,3.75,2.00,3.00,2.00,3.00,2.00
477,75,44.00,51,28,14,63,4,2,4,4,5,5,5,3,5,3,3,4.25,0,1,7700,99,5,2,29,61894,3.00,2.80,2.00,4.25,3.00,2.00,4.00,2.00,1.00
478,73,43.00,26,54,15,64,4,2,2,3,4,3,3,4,4,3,3,3.50,0,1,5500,66,5,1,35,67896,5.00,5.00,3.00,3.50,5.00,2.00,3.00,2.00,1.00
479,77,35.00,22,49,2,54,3,1,2,3,5,4,5,5,4,2,3,3.25,0,1,7300,127,1,2,38,27131,2.00,4.90,2.00,3.25,4.00,2.00,2.00,3.00,3.00
480,78,47.00,30,37,18,45,3,4,3,4,4,4,4,4,4,3,3,3.00,0,1,2900,34,1,1,25,61768,4.00,3.70,5.00,3.00,3.00,2.00,5.00,3.00,2.00
481,97,45.00,54,47,9,79,4,2,3,5,5,5,5,5,3,3,3,5.00,0,1,8700,73,5,2,31,60156,5.00,4.70,4.00,5.00,1.00,2.00,5.00,3.00,4.00
482,72,37.00,54,51,25,54,3,3,2,4,3,4,4,4,4,3,3,3.75,0,1,7700,99,1,2,30,77304,2.00,5.00,5.00,3.75,3.00,2.00,2.00,2.00,3.00
483,67,37.00,9,47,3,49,2,1,3,3,4,3,4,4,4,4,3,4.25,0,1,5400,204,5,2,40,78306,3.00,4.70,2.00,4.25,2.00,2.00,4.00,1.00,3.00
484,65,48.00,43,30,1,45,3,2,3,3,2,2,3,2,4,3,3,4.25,0,1,7500,190,1,1,41,30475,2.00,3.00,3.00,4.25,5.00,2.00,4.00,2.00,3.00
485,84,51.00,32,50,21,61,2,4,3,5,3,4,3,5,2,2,3,4.00,0,0,6000,25,1,2,33,29322,1.00,5.00,5.00,4.00,2.00,2.00,4.00,3.00,2.00
486,78,39.00,51,48,21,62,3,3,3,3,2,4,4,4,4,5,3,4.25,0,0,5400,135,1,1,46,77082,5.00,4.80,4.00,4.25,3.00,2.00,5.00,3.00,3.00
487,54,25.00,25,29,0,54,3,3,2,3,3,5,4,4,4,4,3,3.25,1,0,1800,302,5,1,50,85308,2.00,2.90,2.00,3.25,5.00,1.00,3.00,5.00,3.00
488,71,40.00,51,54,13,63,2,2,3,5,5,5,5,5,5,3,3,4.25,0,0,3000,241,5,1,46,48574,3.00,5.00,3.00,4.25,2.00,2.00,4.00,2.00,3.00
489,79,49.00,44,45,9,59,4,4,4,4,5,5,5,5,4,4,3,3.50,0,1,5800,155,1,1,35,97018,5.00,4.50,2.00,3.50,1.00,1.00,3.00,3.00,2.00
490,59,18.00,18,18,1,54,2,1,2,3,3,3,3,3,1,2,5,3.75,0,0,5500,134,5,1,44,80074,4.00,1.80,5.00,3.75,3.00,1.00,3.00,4.00,3.00
491,74,36.00,51,54,18,66,2,5,3,5,5,5,5,5,5,3,5,3.00,0,0,2900,88,5,1,42,21902,2.00,5.00,4.00,3.00,5.00,2.00,2.00,2.00,1.00
492,72,43.00,17,46,2,55,4,2,2,4,4,3,4,4,4,4,5,3.50,1,0,3600,237,5,1,53,61086,1.00,4.60,5.00,3.50,3.00,2.00,3.00,1.00,3.00
493,62,45.00,3,54,0,55,4,2,2,1,2,2,1,1,5,2,5,3.75,0,0,7400,239,5,2,45,64260,1.00,5.00,2.00,3.75,2.00,2.00,1.00,3.00,3.00
494,69,42.00,18,42,0,49,2,5,1,2,3,2,1,4,5,3,5,3.75,0,0,3900,235,1,1,41,43091,2.00,4.20,3.00,3.75,4.00,2.00,2.00,1.00,3.00
495,78,48.00,49,48,12,47,4,4,1,1,4,4,5,4,4,2,5,4.50,0,0,2900,23,5,2,43,51328,5.00,4.80,2.00,4.50,1.00,2.00,5.00,3.00,3.00
496,69,34.00,52,40,12,66,4,4,3,3,4,4,4,4,4,4,2,4.00,1,1,7600,77,5,2,35,79190,4.00,4.00,3.00,4.00,2.00,2.00,4.00,1.00,3.00
497,66,42.00,42,54,0,56,3,2,2,2,3,2,4,3,3,4,5,3.75,0,1,7300,72,5,1,27,76500,2.00,5.00,2.00,3.75,3.00,2.00,1.00,2.00,3.00
498,76,31.00,54,52,7,47,2,2,2,2,3,3,4,4,5,2,3,4.50,0,1,6000,49,5,2,44,60109,3.00,5.00,5.00,4.50,2.00,2.00,5.00,2.00,1.00
499,84,42.00,51,54,15,58,1,2,2,3,3,3,5,5,5,2,5,2.75,0,0,3600,142,5,2,40,54066,2.00,5.00,4.00,2.75,5.00,3.00,2.00,3.00,2.00
500,76,29.00,35,42,6,54,4,4,2,2,3,3,4,3,4,3,5,3.75,0,1,5200,261,5,1,47,36342,1.00,4.20,5.00,3.75,1.00,2.00,2.00,3.00,1.00
